"","cell","barcode","file","sample","cluster_bai","cluster_su","celltype","cluster_tem"
"HCC2_COL1_ROW10","HCC2_COL1_ROW10","HCC2_COL1_ROW10","HCC2_COL1_ROW10","HCC2",4,7,"Macrophage",NA
"HCC2_COL1_ROW18","HCC2_COL1_ROW18","HCC2_COL1_ROW18","HCC2_COL1_ROW18","HCC2",4,7,"Macrophage",NA
"HCC2_COL2_ROW7","HCC2_COL2_ROW7","HCC2_COL2_ROW7","HCC2_COL2_ROW7","HCC2",4,7,"Macrophage",NA
"HCC2_COL2_ROW16","HCC2_COL2_ROW16","HCC2_COL2_ROW16","HCC2_COL2_ROW16","HCC2",4,7,"Macrophage",NA
"HCC2_COL2_ROW17","HCC2_COL2_ROW17","HCC2_COL2_ROW17","HCC2_COL2_ROW17","HCC2",4,7,"Macrophage",NA
"HCC2_COL2_ROW22","HCC2_COL2_ROW22","HCC2_COL2_ROW22","HCC2_COL2_ROW22","HCC2",4,7,"Macrophage",NA
"HCC2_COL2_ROW31","HCC2_COL2_ROW31","HCC2_COL2_ROW31","HCC2_COL2_ROW31","HCC2",4,7,"Macrophage",NA
"HCC2_COL3_ROW8","HCC2_COL3_ROW8","HCC2_COL3_ROW8","HCC2_COL3_ROW8","HCC2",4,7,"Macrophage",NA
"HCC2_COL3_ROW11","HCC2_COL3_ROW11","HCC2_COL3_ROW11","HCC2_COL3_ROW11","HCC2",4,7,"Macrophage",NA
"HCC2_COL3_ROW12","HCC2_COL3_ROW12","HCC2_COL3_ROW12","HCC2_COL3_ROW12","HCC2",4,7,"Macrophage",NA
"HCC2_COL3_ROW19","HCC2_COL3_ROW19","HCC2_COL3_ROW19","HCC2_COL3_ROW19","HCC2",4,7,"Macrophage",NA
"HCC2_COL3_ROW29","HCC2_COL3_ROW29","HCC2_COL3_ROW29","HCC2_COL3_ROW29","HCC2",4,7,"Macrophage",NA
"HCC2_COL3_ROW36","HCC2_COL3_ROW36","HCC2_COL3_ROW36","HCC2_COL3_ROW36","HCC2",4,7,"Macrophage",NA
"HCC2_COL4_ROW11","HCC2_COL4_ROW11","HCC2_COL4_ROW11","HCC2_COL4_ROW11","HCC2",4,7,"Macrophage",NA
"HCC2_COL4_ROW21","HCC2_COL4_ROW21","HCC2_COL4_ROW21","HCC2_COL4_ROW21","HCC2",4,7,"Macrophage",NA
"HCC2_COL4_ROW25","HCC2_COL4_ROW25","HCC2_COL4_ROW25","HCC2_COL4_ROW25","HCC2",4,7,"Macrophage",NA
"HCC2_COL4_ROW29","HCC2_COL4_ROW29","HCC2_COL4_ROW29","HCC2_COL4_ROW29","HCC2",4,7,"Macrophage",NA
"HCC2_COL4_ROW35","HCC2_COL4_ROW35","HCC2_COL4_ROW35","HCC2_COL4_ROW35","HCC2",4,7,"Macrophage",NA
"HCC2_COL5_ROW4","HCC2_COL5_ROW4","HCC2_COL5_ROW4","HCC2_COL5_ROW4","HCC2",4,7,"Macrophage",NA
"HCC2_COL5_ROW26","HCC2_COL5_ROW26","HCC2_COL5_ROW26","HCC2_COL5_ROW26","HCC2",4,7,"Macrophage",NA
"HCC2_COL5_ROW29","HCC2_COL5_ROW29","HCC2_COL5_ROW29","HCC2_COL5_ROW29","HCC2",4,7,"Macrophage",NA
"HCC2_COL5_ROW33","HCC2_COL5_ROW33","HCC2_COL5_ROW33","HCC2_COL5_ROW33","HCC2",4,7,"Macrophage",NA
"HCC2_COL6_ROW1","HCC2_COL6_ROW1","HCC2_COL6_ROW1","HCC2_COL6_ROW1","HCC2",4,7,"Macrophage",NA
"HCC2_COL6_ROW8","HCC2_COL6_ROW8","HCC2_COL6_ROW8","HCC2_COL6_ROW8","HCC2",4,7,"Macrophage",NA
"HCC2_COL6_ROW13","HCC2_COL6_ROW13","HCC2_COL6_ROW13","HCC2_COL6_ROW13","HCC2",4,7,"Macrophage",NA
"HCC2_COL6_ROW34","HCC2_COL6_ROW34","HCC2_COL6_ROW34","HCC2_COL6_ROW34","HCC2",4,7,"Macrophage",NA
"HCC2_COL7_ROW14","HCC2_COL7_ROW14","HCC2_COL7_ROW14","HCC2_COL7_ROW14","HCC2",4,7,"Macrophage",NA
"HCC2_COL7_ROW16","HCC2_COL7_ROW16","HCC2_COL7_ROW16","HCC2_COL7_ROW16","HCC2",4,7,"Macrophage",NA
"HCC2_COL7_ROW18","HCC2_COL7_ROW18","HCC2_COL7_ROW18","HCC2_COL7_ROW18","HCC2",4,7,"Macrophage",NA
"HCC2_COL7_ROW26","HCC2_COL7_ROW26","HCC2_COL7_ROW26","HCC2_COL7_ROW26","HCC2",4,7,"Macrophage",NA
"HCC2_COL7_ROW27","HCC2_COL7_ROW27","HCC2_COL7_ROW27","HCC2_COL7_ROW27","HCC2",4,7,"Macrophage",NA
"HCC2_COL7_ROW30","HCC2_COL7_ROW30","HCC2_COL7_ROW30","HCC2_COL7_ROW30","HCC2",4,7,"Macrophage",NA
"HCC2_COL7_ROW31","HCC2_COL7_ROW31","HCC2_COL7_ROW31","HCC2_COL7_ROW31","HCC2",4,7,"Macrophage",NA
"HCC2_COL7_ROW32","HCC2_COL7_ROW32","HCC2_COL7_ROW32","HCC2_COL7_ROW32","HCC2",4,7,"Macrophage",NA
"HCC2_COL8_ROW8","HCC2_COL8_ROW8","HCC2_COL8_ROW8","HCC2_COL8_ROW8","HCC2",4,7,"Macrophage",NA
"HCC2_COL8_ROW12","HCC2_COL8_ROW12","HCC2_COL8_ROW12","HCC2_COL8_ROW12","HCC2",4,7,"Macrophage",NA
"HCC2_COL8_ROW16","HCC2_COL8_ROW16","HCC2_COL8_ROW16","HCC2_COL8_ROW16","HCC2",4,7,"Macrophage",NA
"HCC2_COL8_ROW21","HCC2_COL8_ROW21","HCC2_COL8_ROW21","HCC2_COL8_ROW21","HCC2",4,7,"Macrophage",NA
"HCC2_COL9_ROW17","HCC2_COL9_ROW17","HCC2_COL9_ROW17","HCC2_COL9_ROW17","HCC2",4,7,"Macrophage",NA
"HCC2_COL9_ROW32","HCC2_COL9_ROW32","HCC2_COL9_ROW32","HCC2_COL9_ROW32","HCC2",4,7,"Macrophage",NA
"HCC2_COL9_ROW37","HCC2_COL9_ROW37","HCC2_COL9_ROW37","HCC2_COL9_ROW37","HCC2",4,7,"Macrophage",NA
"HCC2_COL11_ROW14","HCC2_COL11_ROW14","HCC2_COL11_ROW14","HCC2_COL11_ROW14","HCC2",4,7,"Macrophage",NA
"HCC2_COL11_ROW16","HCC2_COL11_ROW16","HCC2_COL11_ROW16","HCC2_COL11_ROW16","HCC2",4,7,"Macrophage",NA
"HCC2_COL11_ROW22","HCC2_COL11_ROW22","HCC2_COL11_ROW22","HCC2_COL11_ROW22","HCC2",4,7,"Macrophage",NA
"HCC2_COL11_ROW24","HCC2_COL11_ROW24","HCC2_COL11_ROW24","HCC2_COL11_ROW24","HCC2",4,7,"Macrophage",NA
"HCC2_COL11_ROW37","HCC2_COL11_ROW37","HCC2_COL11_ROW37","HCC2_COL11_ROW37","HCC2",4,7,"Macrophage",NA
"HCC2_COL11_ROW40","HCC2_COL11_ROW40","HCC2_COL11_ROW40","HCC2_COL11_ROW40","HCC2",4,7,"Macrophage",NA
"HCC2_COL12_ROW16","HCC2_COL12_ROW16","HCC2_COL12_ROW16","HCC2_COL12_ROW16","HCC2",4,7,"Macrophage",NA
"HCC2_COL12_ROW23","HCC2_COL12_ROW23","HCC2_COL12_ROW23","HCC2_COL12_ROW23","HCC2",4,7,"Macrophage",NA
"HCC2_COL12_ROW34","HCC2_COL12_ROW34","HCC2_COL12_ROW34","HCC2_COL12_ROW34","HCC2",4,7,"Macrophage",NA
"HCC2_COL13_ROW4","HCC2_COL13_ROW4","HCC2_COL13_ROW4","HCC2_COL13_ROW4","HCC2",4,7,"Macrophage",NA
"HCC2_COL13_ROW21","HCC2_COL13_ROW21","HCC2_COL13_ROW21","HCC2_COL13_ROW21","HCC2",4,7,"Macrophage",NA
"HCC2_COL13_ROW25","HCC2_COL13_ROW25","HCC2_COL13_ROW25","HCC2_COL13_ROW25","HCC2",4,7,"Macrophage",NA
"HCC2_COL13_ROW28","HCC2_COL13_ROW28","HCC2_COL13_ROW28","HCC2_COL13_ROW28","HCC2",4,7,"Macrophage",NA
"HCC2_COL13_ROW36","HCC2_COL13_ROW36","HCC2_COL13_ROW36","HCC2_COL13_ROW36","HCC2",4,7,"Macrophage",NA
"HCC2_COL14_ROW9","HCC2_COL14_ROW9","HCC2_COL14_ROW9","HCC2_COL14_ROW9","HCC2",4,7,"Macrophage",NA
"HCC2_COL14_ROW10","HCC2_COL14_ROW10","HCC2_COL14_ROW10","HCC2_COL14_ROW10","HCC2",4,7,"Macrophage",NA
"HCC2_COL14_ROW24","HCC2_COL14_ROW24","HCC2_COL14_ROW24","HCC2_COL14_ROW24","HCC2",4,7,"Macrophage",NA
"HCC2_COL14_ROW27","HCC2_COL14_ROW27","HCC2_COL14_ROW27","HCC2_COL14_ROW27","HCC2",4,7,"Macrophage",NA
"HCC2_COL14_ROW29","HCC2_COL14_ROW29","HCC2_COL14_ROW29","HCC2_COL14_ROW29","HCC2",4,7,"Macrophage",NA
"HCC2_COL14_ROW30","HCC2_COL14_ROW30","HCC2_COL14_ROW30","HCC2_COL14_ROW30","HCC2",4,7,"Macrophage",NA
"HCC2_COL15_ROW12","HCC2_COL15_ROW12","HCC2_COL15_ROW12","HCC2_COL15_ROW12","HCC2",4,7,"Macrophage",NA
"HCC2_COL15_ROW21","HCC2_COL15_ROW21","HCC2_COL15_ROW21","HCC2_COL15_ROW21","HCC2",4,7,"Macrophage",NA
"HCC2_COL15_ROW27","HCC2_COL15_ROW27","HCC2_COL15_ROW27","HCC2_COL15_ROW27","HCC2",4,7,"Macrophage",NA
"HCC2_COL16_ROW1","HCC2_COL16_ROW1","HCC2_COL16_ROW1","HCC2_COL16_ROW1","HCC2",4,7,"Macrophage",NA
"HCC2_COL16_ROW31","HCC2_COL16_ROW31","HCC2_COL16_ROW31","HCC2_COL16_ROW31","HCC2",4,7,"Macrophage",NA
"HCC2_COL16_ROW33","HCC2_COL16_ROW33","HCC2_COL16_ROW33","HCC2_COL16_ROW33","HCC2",4,7,"Macrophage",NA
"HCC2_COL16_ROW37","HCC2_COL16_ROW37","HCC2_COL16_ROW37","HCC2_COL16_ROW37","HCC2",4,7,"Macrophage",NA
"HCC2_COL17_ROW1","HCC2_COL17_ROW1","HCC2_COL17_ROW1","HCC2_COL17_ROW1","HCC2",4,7,"Macrophage",NA
"HCC2_COL17_ROW37","HCC2_COL17_ROW37","HCC2_COL17_ROW37","HCC2_COL17_ROW37","HCC2",4,7,"Macrophage",NA
"HCC2_COL18_ROW12","HCC2_COL18_ROW12","HCC2_COL18_ROW12","HCC2_COL18_ROW12","HCC2",4,7,"Macrophage",NA
"HCC2_COL18_ROW27","HCC2_COL18_ROW27","HCC2_COL18_ROW27","HCC2_COL18_ROW27","HCC2",4,7,"Macrophage",NA
"HCC2_COL18_ROW32","HCC2_COL18_ROW32","HCC2_COL18_ROW32","HCC2_COL18_ROW32","HCC2",4,7,"Macrophage",NA
"HCC2_COL18_ROW35","HCC2_COL18_ROW35","HCC2_COL18_ROW35","HCC2_COL18_ROW35","HCC2",4,7,"Macrophage",NA
"HCC2_COL19_ROW3","HCC2_COL19_ROW3","HCC2_COL19_ROW3","HCC2_COL19_ROW3","HCC2",4,7,"Macrophage",NA
"HCC2_COL19_ROW5","HCC2_COL19_ROW5","HCC2_COL19_ROW5","HCC2_COL19_ROW5","HCC2",4,7,"Macrophage",NA
"HCC2_COL19_ROW8","HCC2_COL19_ROW8","HCC2_COL19_ROW8","HCC2_COL19_ROW8","HCC2",4,7,"Macrophage",NA
"HCC2_COL19_ROW13","HCC2_COL19_ROW13","HCC2_COL19_ROW13","HCC2_COL19_ROW13","HCC2",4,7,"Macrophage",NA
"HCC2_COL19_ROW25","HCC2_COL19_ROW25","HCC2_COL19_ROW25","HCC2_COL19_ROW25","HCC2",4,7,"Macrophage","cluster_2"
"HCC2_COL19_ROW31","HCC2_COL19_ROW31","HCC2_COL19_ROW31","HCC2_COL19_ROW31","HCC2",4,7,"Macrophage",NA
"HCC2_COL19_ROW32","HCC2_COL19_ROW32","HCC2_COL19_ROW32","HCC2_COL19_ROW32","HCC2",4,7,"Macrophage",NA
"HCC2_COL20_ROW11","HCC2_COL20_ROW11","HCC2_COL20_ROW11","HCC2_COL20_ROW11","HCC2",4,7,"Macrophage",NA
"HCC2_COL20_ROW31","HCC2_COL20_ROW31","HCC2_COL20_ROW31","HCC2_COL20_ROW31","HCC2",4,7,"Macrophage",NA
"HCC2_COL20_ROW36","HCC2_COL20_ROW36","HCC2_COL20_ROW36","HCC2_COL20_ROW36","HCC2",4,7,"Macrophage",NA
"HCC2_COL1_ROW26","HCC2_COL1_ROW26","HCC2_COL1_ROW26","HCC2_COL1_ROW26","HCC2",3,5,"T_cell",NA
"HCC2_COL1_ROW27","HCC2_COL1_ROW27","HCC2_COL1_ROW27","HCC2_COL1_ROW27","HCC2",3,5,"T_cell",NA
"HCC2_COL2_ROW2","HCC2_COL2_ROW2","HCC2_COL2_ROW2","HCC2_COL2_ROW2","HCC2",3,5,"T_cell",NA
"HCC2_COL2_ROW8","HCC2_COL2_ROW8","HCC2_COL2_ROW8","HCC2_COL2_ROW8","HCC2",3,5,"T_cell",NA
"HCC2_COL2_ROW26","HCC2_COL2_ROW26","HCC2_COL2_ROW26","HCC2_COL2_ROW26","HCC2",2,5,"T_cell","cluster_3"
"HCC2_COL3_ROW2","HCC2_COL3_ROW2","HCC2_COL3_ROW2","HCC2_COL3_ROW2","HCC2",3,5,"T_cell",NA
"HCC2_COL3_ROW5","HCC2_COL3_ROW5","HCC2_COL3_ROW5","HCC2_COL3_ROW5","HCC2",5,5,"T_cell",NA
"HCC2_COL3_ROW21","HCC2_COL3_ROW21","HCC2_COL3_ROW21","HCC2_COL3_ROW21","HCC2",3,5,"T_cell",NA
"HCC2_COL3_ROW33","HCC2_COL3_ROW33","HCC2_COL3_ROW33","HCC2_COL3_ROW33","HCC2",3,5,"T_cell",NA
"HCC2_COL3_ROW35","HCC2_COL3_ROW35","HCC2_COL3_ROW35","HCC2_COL3_ROW35","HCC2",3,5,"T_cell",NA
"HCC2_COL3_ROW38","HCC2_COL3_ROW38","HCC2_COL3_ROW38","HCC2_COL3_ROW38","HCC2",3,5,"T_cell",NA
"HCC2_COL4_ROW7","HCC2_COL4_ROW7","HCC2_COL4_ROW7","HCC2_COL4_ROW7","HCC2",3,5,"T_cell",NA
"HCC2_COL4_ROW20","HCC2_COL4_ROW20","HCC2_COL4_ROW20","HCC2_COL4_ROW20","HCC2",2,5,"T_cell",NA
"HCC2_COL5_ROW5","HCC2_COL5_ROW5","HCC2_COL5_ROW5","HCC2_COL5_ROW5","HCC2",3,5,"T_cell",NA
"HCC2_COL5_ROW8","HCC2_COL5_ROW8","HCC2_COL5_ROW8","HCC2_COL5_ROW8","HCC2",3,5,"T_cell",NA
"HCC2_COL5_ROW12","HCC2_COL5_ROW12","HCC2_COL5_ROW12","HCC2_COL5_ROW12","HCC2",3,5,"T_cell",NA
"HCC2_COL5_ROW17","HCC2_COL5_ROW17","HCC2_COL5_ROW17","HCC2_COL5_ROW17","HCC2",3,5,"T_cell",NA
"HCC2_COL5_ROW18","HCC2_COL5_ROW18","HCC2_COL5_ROW18","HCC2_COL5_ROW18","HCC2",7,5,"T_cell",NA
"HCC2_COL6_ROW2","HCC2_COL6_ROW2","HCC2_COL6_ROW2","HCC2_COL6_ROW2","HCC2",3,5,"T_cell",NA
"HCC2_COL6_ROW3","HCC2_COL6_ROW3","HCC2_COL6_ROW3","HCC2_COL6_ROW3","HCC2",3,5,"T_cell",NA
"HCC2_COL6_ROW12","HCC2_COL6_ROW12","HCC2_COL6_ROW12","HCC2_COL6_ROW12","HCC2",7,5,"T_cell","cluster_2"
"HCC2_COL6_ROW15","HCC2_COL6_ROW15","HCC2_COL6_ROW15","HCC2_COL6_ROW15","HCC2",2,5,"T_cell",NA
"HCC2_COL6_ROW17","HCC2_COL6_ROW17","HCC2_COL6_ROW17","HCC2_COL6_ROW17","HCC2",3,5,"T_cell",NA
"HCC2_COL6_ROW25","HCC2_COL6_ROW25","HCC2_COL6_ROW25","HCC2_COL6_ROW25","HCC2",3,5,"T_cell",NA
"HCC2_COL7_ROW11","HCC2_COL7_ROW11","HCC2_COL7_ROW11","HCC2_COL7_ROW11","HCC2",4,5,"T_cell",NA
"HCC2_COL7_ROW40","HCC2_COL7_ROW40","HCC2_COL7_ROW40","HCC2_COL7_ROW40","HCC2",3,5,"T_cell",NA
"HCC2_COL8_ROW11","HCC2_COL8_ROW11","HCC2_COL8_ROW11","HCC2_COL8_ROW11","HCC2",3,5,"T_cell",NA
"HCC2_COL9_ROW31","HCC2_COL9_ROW31","HCC2_COL9_ROW31","HCC2_COL9_ROW31","HCC2",2,5,"T_cell",NA
"HCC2_COL10_ROW4","HCC2_COL10_ROW4","HCC2_COL10_ROW4","HCC2_COL10_ROW4","HCC2",3,5,"T_cell",NA
"HCC2_COL10_ROW25","HCC2_COL10_ROW25","HCC2_COL10_ROW25","HCC2_COL10_ROW25","HCC2",3,5,"T_cell",NA
"HCC2_COL11_ROW2","HCC2_COL11_ROW2","HCC2_COL11_ROW2","HCC2_COL11_ROW2","HCC2",2,5,"T_cell",NA
"HCC2_COL11_ROW9","HCC2_COL11_ROW9","HCC2_COL11_ROW9","HCC2_COL11_ROW9","HCC2",3,5,"T_cell",NA
"HCC2_COL11_ROW10","HCC2_COL11_ROW10","HCC2_COL11_ROW10","HCC2_COL11_ROW10","HCC2",3,5,"T_cell",NA
"HCC2_COL11_ROW12","HCC2_COL11_ROW12","HCC2_COL11_ROW12","HCC2_COL11_ROW12","HCC2",3,5,"T_cell",NA
"HCC2_COL11_ROW26","HCC2_COL11_ROW26","HCC2_COL11_ROW26","HCC2_COL11_ROW26","HCC2",3,5,"T_cell",NA
"HCC2_COL11_ROW27","HCC2_COL11_ROW27","HCC2_COL11_ROW27","HCC2_COL11_ROW27","HCC2",2,5,"T_cell",NA
"HCC2_COL11_ROW33","HCC2_COL11_ROW33","HCC2_COL11_ROW33","HCC2_COL11_ROW33","HCC2",3,5,"T_cell",NA
"HCC2_COL11_ROW35","HCC2_COL11_ROW35","HCC2_COL11_ROW35","HCC2_COL11_ROW35","HCC2",3,5,"T_cell",NA
"HCC2_COL12_ROW3","HCC2_COL12_ROW3","HCC2_COL12_ROW3","HCC2_COL12_ROW3","HCC2",3,5,"T_cell",NA
"HCC2_COL12_ROW4","HCC2_COL12_ROW4","HCC2_COL12_ROW4","HCC2_COL12_ROW4","HCC2",3,5,"T_cell",NA
"HCC2_COL12_ROW17","HCC2_COL12_ROW17","HCC2_COL12_ROW17","HCC2_COL12_ROW17","HCC2",3,5,"T_cell",NA
"HCC2_COL12_ROW31","HCC2_COL12_ROW31","HCC2_COL12_ROW31","HCC2_COL12_ROW31","HCC2",3,5,"T_cell","cluster_3"
"HCC2_COL12_ROW37","HCC2_COL12_ROW37","HCC2_COL12_ROW37","HCC2_COL12_ROW37","HCC2",4,5,"T_cell",NA
"HCC2_COL13_ROW34","HCC2_COL13_ROW34","HCC2_COL13_ROW34","HCC2_COL13_ROW34","HCC2",3,5,"T_cell",NA
"HCC2_COL14_ROW11","HCC2_COL14_ROW11","HCC2_COL14_ROW11","HCC2_COL14_ROW11","HCC2",3,5,"T_cell",NA
"HCC2_COL15_ROW2","HCC2_COL15_ROW2","HCC2_COL15_ROW2","HCC2_COL15_ROW2","HCC2",3,5,"T_cell",NA
"HCC2_COL15_ROW4","HCC2_COL15_ROW4","HCC2_COL15_ROW4","HCC2_COL15_ROW4","HCC2",2,5,"T_cell",NA
"HCC2_COL15_ROW5","HCC2_COL15_ROW5","HCC2_COL15_ROW5","HCC2_COL15_ROW5","HCC2",4,5,"T_cell",NA
"HCC2_COL15_ROW23","HCC2_COL15_ROW23","HCC2_COL15_ROW23","HCC2_COL15_ROW23","HCC2",3,5,"T_cell",NA
"HCC2_COL15_ROW24","HCC2_COL15_ROW24","HCC2_COL15_ROW24","HCC2_COL15_ROW24","HCC2",2,5,"T_cell",NA
"HCC2_COL15_ROW28","HCC2_COL15_ROW28","HCC2_COL15_ROW28","HCC2_COL15_ROW28","HCC2",2,5,"T_cell",NA
"HCC2_COL15_ROW30","HCC2_COL15_ROW30","HCC2_COL15_ROW30","HCC2_COL15_ROW30","HCC2",3,5,"T_cell",NA
"HCC2_COL15_ROW40","HCC2_COL15_ROW40","HCC2_COL15_ROW40","HCC2_COL15_ROW40","HCC2",2,5,"T_cell",NA
"HCC2_COL16_ROW5","HCC2_COL16_ROW5","HCC2_COL16_ROW5","HCC2_COL16_ROW5","HCC2",2,5,"T_cell",NA
"HCC2_COL16_ROW19","HCC2_COL16_ROW19","HCC2_COL16_ROW19","HCC2_COL16_ROW19","HCC2",3,5,"T_cell",NA
"HCC2_COL16_ROW27","HCC2_COL16_ROW27","HCC2_COL16_ROW27","HCC2_COL16_ROW27","HCC2",3,5,"T_cell",NA
"HCC2_COL16_ROW29","HCC2_COL16_ROW29","HCC2_COL16_ROW29","HCC2_COL16_ROW29","HCC2",3,5,"T_cell",NA
"HCC2_COL17_ROW3","HCC2_COL17_ROW3","HCC2_COL17_ROW3","HCC2_COL17_ROW3","HCC2",4,5,"T_cell","cluster_3"
"HCC2_COL17_ROW8","HCC2_COL17_ROW8","HCC2_COL17_ROW8","HCC2_COL17_ROW8","HCC2",4,5,"T_cell",NA
"HCC2_COL17_ROW16","HCC2_COL17_ROW16","HCC2_COL17_ROW16","HCC2_COL17_ROW16","HCC2",3,5,"T_cell",NA
"HCC2_COL17_ROW27","HCC2_COL17_ROW27","HCC2_COL17_ROW27","HCC2_COL17_ROW27","HCC2",4,5,"T_cell",NA
"HCC2_COL17_ROW30","HCC2_COL17_ROW30","HCC2_COL17_ROW30","HCC2_COL17_ROW30","HCC2",4,5,"T_cell",NA
"HCC2_COL18_ROW8","HCC2_COL18_ROW8","HCC2_COL18_ROW8","HCC2_COL18_ROW8","HCC2",2,5,"T_cell",NA
"HCC2_COL18_ROW13","HCC2_COL18_ROW13","HCC2_COL18_ROW13","HCC2_COL18_ROW13","HCC2",4,5,"T_cell",NA
"HCC2_COL18_ROW17","HCC2_COL18_ROW17","HCC2_COL18_ROW17","HCC2_COL18_ROW17","HCC2",7,5,"T_cell","cluster_2"
"HCC2_COL18_ROW21","HCC2_COL18_ROW21","HCC2_COL18_ROW21","HCC2_COL18_ROW21","HCC2",7,5,"T_cell","cluster_2"
"HCC2_COL18_ROW37","HCC2_COL18_ROW37","HCC2_COL18_ROW37","HCC2_COL18_ROW37","HCC2",3,5,"T_cell",NA
"HCC2_COL19_ROW2","HCC2_COL19_ROW2","HCC2_COL19_ROW2","HCC2_COL19_ROW2","HCC2",7,5,"T_cell","cluster_2"
"HCC2_COL20_ROW17","HCC2_COL20_ROW17","HCC2_COL20_ROW17","HCC2_COL20_ROW17","HCC2",3,5,"T_cell",NA
"HCC2_COL20_ROW20","HCC2_COL20_ROW20","HCC2_COL20_ROW20","HCC2_COL20_ROW20","HCC2",4,5,"T_cell",NA
"HCC2_COL20_ROW30","HCC2_COL20_ROW30","HCC2_COL20_ROW30","HCC2_COL20_ROW30","HCC2",4,5,"T_cell",NA
"HCC2_COL1_ROW1","HCC2_COL1_ROW1","HCC2_COL1_ROW1","HCC2_COL1_ROW1","HCC2",2,4,"Tumor_cell",NA
"HCC2_COL1_ROW6","HCC2_COL1_ROW6","HCC2_COL1_ROW6","HCC2_COL1_ROW6","HCC2",2,4,"Tumor_cell","cluster_2"
"HCC2_COL1_ROW7","HCC2_COL1_ROW7","HCC2_COL1_ROW7","HCC2_COL1_ROW7","HCC2",2,4,"Tumor_cell","cluster_2"
"HCC2_COL1_ROW8","HCC2_COL1_ROW8","HCC2_COL1_ROW8","HCC2_COL1_ROW8","HCC2",2,4,"Tumor_cell","cluster_2"
"HCC2_COL1_ROW9","HCC2_COL1_ROW9","HCC2_COL1_ROW9","HCC2_COL1_ROW9","HCC2",2,4,"Tumor_cell",NA
"HCC2_COL1_ROW14","HCC2_COL1_ROW14","HCC2_COL1_ROW14","HCC2_COL1_ROW14","HCC2",2,4,"Tumor_cell","cluster_2"
"HCC2_COL1_ROW16","HCC2_COL1_ROW16","HCC2_COL1_ROW16","HCC2_COL1_ROW16","HCC2",2,4,"Tumor_cell","cluster_2"
"HCC2_COL1_ROW17","HCC2_COL1_ROW17","HCC2_COL1_ROW17","HCC2_COL1_ROW17","HCC2",2,4,"Tumor_cell",NA
"HCC2_COL1_ROW23","HCC2_COL1_ROW23","HCC2_COL1_ROW23","HCC2_COL1_ROW23","HCC2",2,4,"Tumor_cell",NA
"HCC2_COL1_ROW24","HCC2_COL1_ROW24","HCC2_COL1_ROW24","HCC2_COL1_ROW24","HCC2",2,4,"Tumor_cell","cluster_2"
"HCC2_COL1_ROW28","HCC2_COL1_ROW28","HCC2_COL1_ROW28","HCC2_COL1_ROW28","HCC2",2,4,"Tumor_cell",NA
"HCC2_COL1_ROW29","HCC2_COL1_ROW29","HCC2_COL1_ROW29","HCC2_COL1_ROW29","HCC2",2,4,"Tumor_cell","cluster_2"
"HCC2_COL1_ROW30","HCC2_COL1_ROW30","HCC2_COL1_ROW30","HCC2_COL1_ROW30","HCC2",2,4,"Tumor_cell",NA
"HCC2_COL1_ROW32","HCC2_COL1_ROW32","HCC2_COL1_ROW32","HCC2_COL1_ROW32","HCC2",2,4,"Tumor_cell","cluster_2"
"HCC2_COL1_ROW33","HCC2_COL1_ROW33","HCC2_COL1_ROW33","HCC2_COL1_ROW33","HCC2",2,4,"Tumor_cell","cluster_2"
"HCC2_COL1_ROW34","HCC2_COL1_ROW34","HCC2_COL1_ROW34","HCC2_COL1_ROW34","HCC2",2,4,"Tumor_cell","cluster_2"
"HCC2_COL1_ROW35","HCC2_COL1_ROW35","HCC2_COL1_ROW35","HCC2_COL1_ROW35","HCC2",2,4,"Tumor_cell",NA
"HCC2_COL1_ROW36","HCC2_COL1_ROW36","HCC2_COL1_ROW36","HCC2_COL1_ROW36","HCC2",2,4,"Tumor_cell","cluster_2"
"HCC2_COL1_ROW40","HCC2_COL1_ROW40","HCC2_COL1_ROW40","HCC2_COL1_ROW40","HCC2",2,4,"Tumor_cell",NA
"HCC2_COL2_ROW4","HCC2_COL2_ROW4","HCC2_COL2_ROW4","HCC2_COL2_ROW4","HCC2",2,4,"Tumor_cell",NA
"HCC2_COL2_ROW5","HCC2_COL2_ROW5","HCC2_COL2_ROW5","HCC2_COL2_ROW5","HCC2",2,4,"Tumor_cell","cluster_2"
"HCC2_COL2_ROW6","HCC2_COL2_ROW6","HCC2_COL2_ROW6","HCC2_COL2_ROW6","HCC2",2,4,"Tumor_cell",NA
"HCC2_COL2_ROW9","HCC2_COL2_ROW9","HCC2_COL2_ROW9","HCC2_COL2_ROW9","HCC2",2,4,"Tumor_cell",NA
"HCC2_COL2_ROW10","HCC2_COL2_ROW10","HCC2_COL2_ROW10","HCC2_COL2_ROW10","HCC2",2,4,"Tumor_cell","cluster_2"
"HCC2_COL2_ROW11","HCC2_COL2_ROW11","HCC2_COL2_ROW11","HCC2_COL2_ROW11","HCC2",2,4,"Tumor_cell","cluster_2"
"HCC2_COL2_ROW13","HCC2_COL2_ROW13","HCC2_COL2_ROW13","HCC2_COL2_ROW13","HCC2",2,4,"Tumor_cell",NA
"HCC2_COL2_ROW14","HCC2_COL2_ROW14","HCC2_COL2_ROW14","HCC2_COL2_ROW14","HCC2",2,4,"Tumor_cell","cluster_2"
"HCC2_COL2_ROW15","HCC2_COL2_ROW15","HCC2_COL2_ROW15","HCC2_COL2_ROW15","HCC2",2,4,"Tumor_cell","cluster_2"
"HCC2_COL2_ROW18","HCC2_COL2_ROW18","HCC2_COL2_ROW18","HCC2_COL2_ROW18","HCC2",2,4,"Tumor_cell","cluster_2"
"HCC2_COL2_ROW19","HCC2_COL2_ROW19","HCC2_COL2_ROW19","HCC2_COL2_ROW19","HCC2",2,4,"Tumor_cell",NA
"HCC2_COL2_ROW20","HCC2_COL2_ROW20","HCC2_COL2_ROW20","HCC2_COL2_ROW20","HCC2",2,4,"Tumor_cell","cluster_2"
"HCC2_COL2_ROW23","HCC2_COL2_ROW23","HCC2_COL2_ROW23","HCC2_COL2_ROW23","HCC2",2,4,"Tumor_cell",NA
"HCC2_COL2_ROW24","HCC2_COL2_ROW24","HCC2_COL2_ROW24","HCC2_COL2_ROW24","HCC2",2,4,"Tumor_cell",NA
"HCC2_COL2_ROW25","HCC2_COL2_ROW25","HCC2_COL2_ROW25","HCC2_COL2_ROW25","HCC2",2,4,"Tumor_cell",NA
"HCC2_COL2_ROW27","HCC2_COL2_ROW27","HCC2_COL2_ROW27","HCC2_COL2_ROW27","HCC2",2,4,"Tumor_cell","cluster_2"
"HCC2_COL2_ROW28","HCC2_COL2_ROW28","HCC2_COL2_ROW28","HCC2_COL2_ROW28","HCC2",6,4,"Tumor_cell","cluster_3"
"HCC2_COL2_ROW29","HCC2_COL2_ROW29","HCC2_COL2_ROW29","HCC2_COL2_ROW29","HCC2",2,4,"Tumor_cell","cluster_2"
"HCC2_COL2_ROW30","HCC2_COL2_ROW30","HCC2_COL2_ROW30","HCC2_COL2_ROW30","HCC2",2,4,"Tumor_cell","cluster_2"
"HCC2_COL2_ROW32","HCC2_COL2_ROW32","HCC2_COL2_ROW32","HCC2_COL2_ROW32","HCC2",2,4,"Tumor_cell",NA
"HCC2_COL2_ROW33","HCC2_COL2_ROW33","HCC2_COL2_ROW33","HCC2_COL2_ROW33","HCC2",2,4,"Tumor_cell","cluster_3"
"HCC2_COL2_ROW35","HCC2_COL2_ROW35","HCC2_COL2_ROW35","HCC2_COL2_ROW35","HCC2",2,4,"Tumor_cell","cluster_3"
"HCC2_COL2_ROW36","HCC2_COL2_ROW36","HCC2_COL2_ROW36","HCC2_COL2_ROW36","HCC2",2,4,"Tumor_cell","cluster_3"
"HCC2_COL2_ROW37","HCC2_COL2_ROW37","HCC2_COL2_ROW37","HCC2_COL2_ROW37","HCC2",2,4,"Tumor_cell",NA
"HCC2_COL2_ROW38","HCC2_COL2_ROW38","HCC2_COL2_ROW38","HCC2_COL2_ROW38","HCC2",2,4,"Tumor_cell",NA
"HCC2_COL2_ROW40","HCC2_COL2_ROW40","HCC2_COL2_ROW40","HCC2_COL2_ROW40","HCC2",2,4,"Tumor_cell","cluster_2"
"HCC2_COL3_ROW1","HCC2_COL3_ROW1","HCC2_COL3_ROW1","HCC2_COL3_ROW1","HCC2",2,4,"Tumor_cell","cluster_2"
"HCC2_COL3_ROW3","HCC2_COL3_ROW3","HCC2_COL3_ROW3","HCC2_COL3_ROW3","HCC2",2,4,"Tumor_cell",NA
"HCC2_COL3_ROW4","HCC2_COL3_ROW4","HCC2_COL3_ROW4","HCC2_COL3_ROW4","HCC2",2,4,"Tumor_cell","cluster_2"
"HCC2_COL3_ROW7","HCC2_COL3_ROW7","HCC2_COL3_ROW7","HCC2_COL3_ROW7","HCC2",2,4,"Tumor_cell","cluster_2"
"HCC2_COL3_ROW9","HCC2_COL3_ROW9","HCC2_COL3_ROW9","HCC2_COL3_ROW9","HCC2",2,4,"Tumor_cell","cluster_2"
"HCC2_COL3_ROW13","HCC2_COL3_ROW13","HCC2_COL3_ROW13","HCC2_COL3_ROW13","HCC2",2,4,"Tumor_cell","cluster_2"
"HCC2_COL3_ROW14","HCC2_COL3_ROW14","HCC2_COL3_ROW14","HCC2_COL3_ROW14","HCC2",2,4,"Tumor_cell","cluster_2"
"HCC2_COL3_ROW15","HCC2_COL3_ROW15","HCC2_COL3_ROW15","HCC2_COL3_ROW15","HCC2",6,4,"Tumor_cell","cluster_2"
"HCC2_COL3_ROW16","HCC2_COL3_ROW16","HCC2_COL3_ROW16","HCC2_COL3_ROW16","HCC2",2,4,"Tumor_cell","cluster_2"
"HCC2_COL3_ROW17","HCC2_COL3_ROW17","HCC2_COL3_ROW17","HCC2_COL3_ROW17","HCC2",2,4,"Tumor_cell","cluster_2"
"HCC2_COL3_ROW20","HCC2_COL3_ROW20","HCC2_COL3_ROW20","HCC2_COL3_ROW20","HCC2",2,4,"Tumor_cell","cluster_2"
"HCC2_COL3_ROW22","HCC2_COL3_ROW22","HCC2_COL3_ROW22","HCC2_COL3_ROW22","HCC2",2,4,"Tumor_cell",NA
"HCC2_COL3_ROW23","HCC2_COL3_ROW23","HCC2_COL3_ROW23","HCC2_COL3_ROW23","HCC2",2,4,"Tumor_cell",NA
"HCC2_COL3_ROW26","HCC2_COL3_ROW26","HCC2_COL3_ROW26","HCC2_COL3_ROW26","HCC2",2,4,"Tumor_cell",NA
"HCC2_COL3_ROW27","HCC2_COL3_ROW27","HCC2_COL3_ROW27","HCC2_COL3_ROW27","HCC2",2,4,"Tumor_cell",NA
"HCC2_COL3_ROW30","HCC2_COL3_ROW30","HCC2_COL3_ROW30","HCC2_COL3_ROW30","HCC2",6,4,"Tumor_cell","cluster_2"
"HCC2_COL3_ROW31","HCC2_COL3_ROW31","HCC2_COL3_ROW31","HCC2_COL3_ROW31","HCC2",2,4,"Tumor_cell",NA
"HCC2_COL3_ROW32","HCC2_COL3_ROW32","HCC2_COL3_ROW32","HCC2_COL3_ROW32","HCC2",2,4,"Tumor_cell","cluster_2"
"HCC2_COL3_ROW34","HCC2_COL3_ROW34","HCC2_COL3_ROW34","HCC2_COL3_ROW34","HCC2",2,4,"Tumor_cell","cluster_2"
"HCC2_COL3_ROW37","HCC2_COL3_ROW37","HCC2_COL3_ROW37","HCC2_COL3_ROW37","HCC2",2,4,"Tumor_cell","cluster_2"
"HCC2_COL3_ROW40","HCC2_COL3_ROW40","HCC2_COL3_ROW40","HCC2_COL3_ROW40","HCC2",2,4,"Tumor_cell","cluster_2"
"HCC2_COL4_ROW1","HCC2_COL4_ROW1","HCC2_COL4_ROW1","HCC2_COL4_ROW1","HCC2",2,4,"Tumor_cell","cluster_2"
"HCC2_COL4_ROW2","HCC2_COL4_ROW2","HCC2_COL4_ROW2","HCC2_COL4_ROW2","HCC2",2,4,"Tumor_cell","cluster_2"
"HCC2_COL4_ROW3","HCC2_COL4_ROW3","HCC2_COL4_ROW3","HCC2_COL4_ROW3","HCC2",2,4,"Tumor_cell","cluster_3"
"HCC2_COL4_ROW4","HCC2_COL4_ROW4","HCC2_COL4_ROW4","HCC2_COL4_ROW4","HCC2",2,4,"Tumor_cell",NA
"HCC2_COL4_ROW5","HCC2_COL4_ROW5","HCC2_COL4_ROW5","HCC2_COL4_ROW5","HCC2",2,4,"Tumor_cell",NA
"HCC2_COL4_ROW6","HCC2_COL4_ROW6","HCC2_COL4_ROW6","HCC2_COL4_ROW6","HCC2",2,4,"Tumor_cell",NA
"HCC2_COL4_ROW8","HCC2_COL4_ROW8","HCC2_COL4_ROW8","HCC2_COL4_ROW8","HCC2",2,4,"Tumor_cell","cluster_2"
"HCC2_COL4_ROW10","HCC2_COL4_ROW10","HCC2_COL4_ROW10","HCC2_COL4_ROW10","HCC2",2,4,"Tumor_cell","cluster_2"
"HCC2_COL4_ROW13","HCC2_COL4_ROW13","HCC2_COL4_ROW13","HCC2_COL4_ROW13","HCC2",2,4,"Tumor_cell",NA
"HCC2_COL4_ROW15","HCC2_COL4_ROW15","HCC2_COL4_ROW15","HCC2_COL4_ROW15","HCC2",2,4,"Tumor_cell","cluster_2"
"HCC2_COL4_ROW16","HCC2_COL4_ROW16","HCC2_COL4_ROW16","HCC2_COL4_ROW16","HCC2",2,4,"Tumor_cell","cluster_3"
"HCC2_COL4_ROW17","HCC2_COL4_ROW17","HCC2_COL4_ROW17","HCC2_COL4_ROW17","HCC2",2,4,"Tumor_cell","cluster_2"
"HCC2_COL4_ROW18","HCC2_COL4_ROW18","HCC2_COL4_ROW18","HCC2_COL4_ROW18","HCC2",2,4,"Tumor_cell","cluster_2"
"HCC2_COL4_ROW19","HCC2_COL4_ROW19","HCC2_COL4_ROW19","HCC2_COL4_ROW19","HCC2",6,4,"Tumor_cell","cluster_2"
"HCC2_COL4_ROW26","HCC2_COL4_ROW26","HCC2_COL4_ROW26","HCC2_COL4_ROW26","HCC2",2,4,"Tumor_cell",NA
"HCC2_COL4_ROW27","HCC2_COL4_ROW27","HCC2_COL4_ROW27","HCC2_COL4_ROW27","HCC2",2,4,"Tumor_cell","cluster_2"
"HCC2_COL4_ROW28","HCC2_COL4_ROW28","HCC2_COL4_ROW28","HCC2_COL4_ROW28","HCC2",2,4,"Tumor_cell","cluster_2"
"HCC2_COL4_ROW30","HCC2_COL4_ROW30","HCC2_COL4_ROW30","HCC2_COL4_ROW30","HCC2",2,4,"Tumor_cell","cluster_2"
"HCC2_COL4_ROW31","HCC2_COL4_ROW31","HCC2_COL4_ROW31","HCC2_COL4_ROW31","HCC2",2,4,"Tumor_cell",NA
"HCC2_COL4_ROW32","HCC2_COL4_ROW32","HCC2_COL4_ROW32","HCC2_COL4_ROW32","HCC2",2,4,"Tumor_cell",NA
"HCC2_COL4_ROW33","HCC2_COL4_ROW33","HCC2_COL4_ROW33","HCC2_COL4_ROW33","HCC2",6,4,"Tumor_cell",NA
"HCC2_COL4_ROW34","HCC2_COL4_ROW34","HCC2_COL4_ROW34","HCC2_COL4_ROW34","HCC2",2,4,"Tumor_cell",NA
"HCC2_COL4_ROW37","HCC2_COL4_ROW37","HCC2_COL4_ROW37","HCC2_COL4_ROW37","HCC2",2,4,"Tumor_cell","cluster_2"
"HCC2_COL4_ROW38","HCC2_COL4_ROW38","HCC2_COL4_ROW38","HCC2_COL4_ROW38","HCC2",2,4,"Tumor_cell",NA
"HCC2_COL4_ROW40","HCC2_COL4_ROW40","HCC2_COL4_ROW40","HCC2_COL4_ROW40","HCC2",2,4,"Tumor_cell",NA
"HCC2_COL5_ROW1","HCC2_COL5_ROW1","HCC2_COL5_ROW1","HCC2_COL5_ROW1","HCC2",2,4,"Tumor_cell",NA
"HCC2_COL5_ROW3","HCC2_COL5_ROW3","HCC2_COL5_ROW3","HCC2_COL5_ROW3","HCC2",2,4,"Tumor_cell",NA
"HCC2_COL5_ROW6","HCC2_COL5_ROW6","HCC2_COL5_ROW6","HCC2_COL5_ROW6","HCC2",2,4,"Tumor_cell","cluster_2"
"HCC2_COL5_ROW10","HCC2_COL5_ROW10","HCC2_COL5_ROW10","HCC2_COL5_ROW10","HCC2",2,4,"Tumor_cell","cluster_2"
"HCC2_COL5_ROW11","HCC2_COL5_ROW11","HCC2_COL5_ROW11","HCC2_COL5_ROW11","HCC2",2,4,"Tumor_cell",NA
"HCC2_COL5_ROW13","HCC2_COL5_ROW13","HCC2_COL5_ROW13","HCC2_COL5_ROW13","HCC2",2,4,"Tumor_cell",NA
"HCC2_COL5_ROW14","HCC2_COL5_ROW14","HCC2_COL5_ROW14","HCC2_COL5_ROW14","HCC2",2,4,"Tumor_cell","cluster_2"
"HCC2_COL5_ROW16","HCC2_COL5_ROW16","HCC2_COL5_ROW16","HCC2_COL5_ROW16","HCC2",6,4,"Tumor_cell","cluster_2"
"HCC2_COL5_ROW19","HCC2_COL5_ROW19","HCC2_COL5_ROW19","HCC2_COL5_ROW19","HCC2",2,4,"Tumor_cell","cluster_2"
"HCC2_COL5_ROW23","HCC2_COL5_ROW23","HCC2_COL5_ROW23","HCC2_COL5_ROW23","HCC2",2,4,"Tumor_cell","cluster_2"
"HCC2_COL5_ROW24","HCC2_COL5_ROW24","HCC2_COL5_ROW24","HCC2_COL5_ROW24","HCC2",2,4,"Tumor_cell",NA
"HCC2_COL5_ROW25","HCC2_COL5_ROW25","HCC2_COL5_ROW25","HCC2_COL5_ROW25","HCC2",2,4,"Tumor_cell","cluster_2"
"HCC2_COL5_ROW28","HCC2_COL5_ROW28","HCC2_COL5_ROW28","HCC2_COL5_ROW28","HCC2",2,4,"Tumor_cell",NA
"HCC2_COL5_ROW30","HCC2_COL5_ROW30","HCC2_COL5_ROW30","HCC2_COL5_ROW30","HCC2",2,4,"Tumor_cell",NA
"HCC2_COL5_ROW32","HCC2_COL5_ROW32","HCC2_COL5_ROW32","HCC2_COL5_ROW32","HCC2",2,4,"Tumor_cell",NA
"HCC2_COL5_ROW34","HCC2_COL5_ROW34","HCC2_COL5_ROW34","HCC2_COL5_ROW34","HCC2",2,4,"Tumor_cell","cluster_2"
"HCC2_COL5_ROW35","HCC2_COL5_ROW35","HCC2_COL5_ROW35","HCC2_COL5_ROW35","HCC2",2,4,"Tumor_cell",NA
"HCC2_COL5_ROW37","HCC2_COL5_ROW37","HCC2_COL5_ROW37","HCC2_COL5_ROW37","HCC2",2,4,"Tumor_cell",NA
"HCC2_COL5_ROW38","HCC2_COL5_ROW38","HCC2_COL5_ROW38","HCC2_COL5_ROW38","HCC2",2,4,"Tumor_cell","cluster_2"
"HCC2_COL6_ROW4","HCC2_COL6_ROW4","HCC2_COL6_ROW4","HCC2_COL6_ROW4","HCC2",2,4,"Tumor_cell",NA
"HCC2_COL6_ROW5","HCC2_COL6_ROW5","HCC2_COL6_ROW5","HCC2_COL6_ROW5","HCC2",2,4,"Tumor_cell","cluster_2"
"HCC2_COL6_ROW6","HCC2_COL6_ROW6","HCC2_COL6_ROW6","HCC2_COL6_ROW6","HCC2",2,4,"Tumor_cell","cluster_2"
"HCC2_COL6_ROW7","HCC2_COL6_ROW7","HCC2_COL6_ROW7","HCC2_COL6_ROW7","HCC2",2,4,"Tumor_cell",NA
"HCC2_COL6_ROW10","HCC2_COL6_ROW10","HCC2_COL6_ROW10","HCC2_COL6_ROW10","HCC2",2,4,"Tumor_cell",NA
"HCC2_COL6_ROW11","HCC2_COL6_ROW11","HCC2_COL6_ROW11","HCC2_COL6_ROW11","HCC2",2,4,"Tumor_cell","cluster_2"
"HCC2_COL6_ROW14","HCC2_COL6_ROW14","HCC2_COL6_ROW14","HCC2_COL6_ROW14","HCC2",2,4,"Tumor_cell","cluster_2"
"HCC2_COL6_ROW18","HCC2_COL6_ROW18","HCC2_COL6_ROW18","HCC2_COL6_ROW18","HCC2",2,4,"Tumor_cell","cluster_2"
"HCC2_COL6_ROW19","HCC2_COL6_ROW19","HCC2_COL6_ROW19","HCC2_COL6_ROW19","HCC2",2,4,"Tumor_cell","cluster_2"
"HCC2_COL6_ROW20","HCC2_COL6_ROW20","HCC2_COL6_ROW20","HCC2_COL6_ROW20","HCC2",2,4,"Tumor_cell","cluster_2"
"HCC2_COL6_ROW21","HCC2_COL6_ROW21","HCC2_COL6_ROW21","HCC2_COL6_ROW21","HCC2",2,4,"Tumor_cell","cluster_2"
"HCC2_COL6_ROW22","HCC2_COL6_ROW22","HCC2_COL6_ROW22","HCC2_COL6_ROW22","HCC2",2,4,"Tumor_cell","cluster_3"
"HCC2_COL6_ROW23","HCC2_COL6_ROW23","HCC2_COL6_ROW23","HCC2_COL6_ROW23","HCC2",2,4,"Tumor_cell","cluster_2"
"HCC2_COL6_ROW24","HCC2_COL6_ROW24","HCC2_COL6_ROW24","HCC2_COL6_ROW24","HCC2",2,4,"Tumor_cell",NA
"HCC2_COL6_ROW27","HCC2_COL6_ROW27","HCC2_COL6_ROW27","HCC2_COL6_ROW27","HCC2",2,4,"Tumor_cell","cluster_2"
"HCC2_COL6_ROW28","HCC2_COL6_ROW28","HCC2_COL6_ROW28","HCC2_COL6_ROW28","HCC2",2,4,"Tumor_cell","cluster_3"
"HCC2_COL6_ROW29","HCC2_COL6_ROW29","HCC2_COL6_ROW29","HCC2_COL6_ROW29","HCC2",2,4,"Tumor_cell",NA
"HCC2_COL6_ROW30","HCC2_COL6_ROW30","HCC2_COL6_ROW30","HCC2_COL6_ROW30","HCC2",2,4,"Tumor_cell",NA
"HCC2_COL6_ROW31","HCC2_COL6_ROW31","HCC2_COL6_ROW31","HCC2_COL6_ROW31","HCC2",2,4,"Tumor_cell","cluster_3"
"HCC2_COL6_ROW32","HCC2_COL6_ROW32","HCC2_COL6_ROW32","HCC2_COL6_ROW32","HCC2",2,4,"Tumor_cell","cluster_2"
"HCC2_COL6_ROW33","HCC2_COL6_ROW33","HCC2_COL6_ROW33","HCC2_COL6_ROW33","HCC2",6,4,"Tumor_cell","cluster_2"
"HCC2_COL6_ROW35","HCC2_COL6_ROW35","HCC2_COL6_ROW35","HCC2_COL6_ROW35","HCC2",6,4,"Tumor_cell","cluster_2"
"HCC2_COL6_ROW36","HCC2_COL6_ROW36","HCC2_COL6_ROW36","HCC2_COL6_ROW36","HCC2",2,4,"Tumor_cell","cluster_2"
"HCC2_COL6_ROW38","HCC2_COL6_ROW38","HCC2_COL6_ROW38","HCC2_COL6_ROW38","HCC2",2,4,"Tumor_cell","cluster_3"
"HCC2_COL7_ROW1","HCC2_COL7_ROW1","HCC2_COL7_ROW1","HCC2_COL7_ROW1","HCC2",2,4,"Tumor_cell","cluster_3"
"HCC2_COL7_ROW4","HCC2_COL7_ROW4","HCC2_COL7_ROW4","HCC2_COL7_ROW4","HCC2",6,4,"Tumor_cell",NA
"HCC2_COL7_ROW5","HCC2_COL7_ROW5","HCC2_COL7_ROW5","HCC2_COL7_ROW5","HCC2",2,4,"Tumor_cell",NA
"HCC2_COL7_ROW6","HCC2_COL7_ROW6","HCC2_COL7_ROW6","HCC2_COL7_ROW6","HCC2",2,4,"Tumor_cell","cluster_2"
"HCC2_COL7_ROW9","HCC2_COL7_ROW9","HCC2_COL7_ROW9","HCC2_COL7_ROW9","HCC2",2,4,"Tumor_cell","cluster_2"
"HCC2_COL7_ROW10","HCC2_COL7_ROW10","HCC2_COL7_ROW10","HCC2_COL7_ROW10","HCC2",2,4,"Tumor_cell","cluster_2"
"HCC2_COL7_ROW12","HCC2_COL7_ROW12","HCC2_COL7_ROW12","HCC2_COL7_ROW12","HCC2",6,4,"Tumor_cell",NA
"HCC2_COL7_ROW13","HCC2_COL7_ROW13","HCC2_COL7_ROW13","HCC2_COL7_ROW13","HCC2",6,4,"Tumor_cell","cluster_2"
"HCC2_COL7_ROW15","HCC2_COL7_ROW15","HCC2_COL7_ROW15","HCC2_COL7_ROW15","HCC2",2,4,"Tumor_cell","cluster_2"
"HCC2_COL7_ROW17","HCC2_COL7_ROW17","HCC2_COL7_ROW17","HCC2_COL7_ROW17","HCC2",2,4,"Tumor_cell","cluster_2"
"HCC2_COL7_ROW19","HCC2_COL7_ROW19","HCC2_COL7_ROW19","HCC2_COL7_ROW19","HCC2",2,4,"Tumor_cell","cluster_2"
"HCC2_COL7_ROW20","HCC2_COL7_ROW20","HCC2_COL7_ROW20","HCC2_COL7_ROW20","HCC2",2,4,"Tumor_cell","cluster_2"
"HCC2_COL7_ROW22","HCC2_COL7_ROW22","HCC2_COL7_ROW22","HCC2_COL7_ROW22","HCC2",2,4,"Tumor_cell",NA
"HCC2_COL7_ROW23","HCC2_COL7_ROW23","HCC2_COL7_ROW23","HCC2_COL7_ROW23","HCC2",2,4,"Tumor_cell",NA
"HCC2_COL7_ROW24","HCC2_COL7_ROW24","HCC2_COL7_ROW24","HCC2_COL7_ROW24","HCC2",2,4,"Tumor_cell","cluster_2"
"HCC2_COL7_ROW29","HCC2_COL7_ROW29","HCC2_COL7_ROW29","HCC2_COL7_ROW29","HCC2",2,4,"Tumor_cell",NA
"HCC2_COL7_ROW33","HCC2_COL7_ROW33","HCC2_COL7_ROW33","HCC2_COL7_ROW33","HCC2",2,4,"Tumor_cell","cluster_2"
"HCC2_COL7_ROW34","HCC2_COL7_ROW34","HCC2_COL7_ROW34","HCC2_COL7_ROW34","HCC2",2,4,"Tumor_cell",NA
"HCC2_COL7_ROW35","HCC2_COL7_ROW35","HCC2_COL7_ROW35","HCC2_COL7_ROW35","HCC2",2,4,"Tumor_cell","cluster_2"
"HCC2_COL7_ROW37","HCC2_COL7_ROW37","HCC2_COL7_ROW37","HCC2_COL7_ROW37","HCC2",2,4,"Tumor_cell",NA
"HCC2_COL7_ROW38","HCC2_COL7_ROW38","HCC2_COL7_ROW38","HCC2_COL7_ROW38","HCC2",2,4,"Tumor_cell",NA
"HCC2_COL8_ROW2","HCC2_COL8_ROW2","HCC2_COL8_ROW2","HCC2_COL8_ROW2","HCC2",2,4,"Tumor_cell",NA
"HCC2_COL8_ROW3","HCC2_COL8_ROW3","HCC2_COL8_ROW3","HCC2_COL8_ROW3","HCC2",2,4,"Tumor_cell","cluster_2"
"HCC2_COL8_ROW4","HCC2_COL8_ROW4","HCC2_COL8_ROW4","HCC2_COL8_ROW4","HCC2",2,4,"Tumor_cell",NA
"HCC2_COL8_ROW6","HCC2_COL8_ROW6","HCC2_COL8_ROW6","HCC2_COL8_ROW6","HCC2",2,4,"Tumor_cell","cluster_2"
"HCC2_COL8_ROW7","HCC2_COL8_ROW7","HCC2_COL8_ROW7","HCC2_COL8_ROW7","HCC2",2,4,"Tumor_cell",NA
"HCC2_COL8_ROW10","HCC2_COL8_ROW10","HCC2_COL8_ROW10","HCC2_COL8_ROW10","HCC2",2,4,"Tumor_cell","cluster_2"
"HCC2_COL8_ROW13","HCC2_COL8_ROW13","HCC2_COL8_ROW13","HCC2_COL8_ROW13","HCC2",2,4,"Tumor_cell","cluster_2"
"HCC2_COL8_ROW14","HCC2_COL8_ROW14","HCC2_COL8_ROW14","HCC2_COL8_ROW14","HCC2",2,4,"Tumor_cell","cluster_2"
"HCC2_COL8_ROW17","HCC2_COL8_ROW17","HCC2_COL8_ROW17","HCC2_COL8_ROW17","HCC2",2,4,"Tumor_cell",NA
"HCC2_COL8_ROW18","HCC2_COL8_ROW18","HCC2_COL8_ROW18","HCC2_COL8_ROW18","HCC2",2,4,"Tumor_cell","cluster_2"
"HCC2_COL8_ROW22","HCC2_COL8_ROW22","HCC2_COL8_ROW22","HCC2_COL8_ROW22","HCC2",2,4,"Tumor_cell","cluster_2"
"HCC2_COL8_ROW24","HCC2_COL8_ROW24","HCC2_COL8_ROW24","HCC2_COL8_ROW24","HCC2",2,4,"Tumor_cell","cluster_2"
"HCC2_COL8_ROW25","HCC2_COL8_ROW25","HCC2_COL8_ROW25","HCC2_COL8_ROW25","HCC2",2,4,"Tumor_cell","cluster_3"
"HCC2_COL8_ROW26","HCC2_COL8_ROW26","HCC2_COL8_ROW26","HCC2_COL8_ROW26","HCC2",2,4,"Tumor_cell","cluster_3"
"HCC2_COL8_ROW27","HCC2_COL8_ROW27","HCC2_COL8_ROW27","HCC2_COL8_ROW27","HCC2",2,4,"Tumor_cell","cluster_3"
"HCC2_COL8_ROW30","HCC2_COL8_ROW30","HCC2_COL8_ROW30","HCC2_COL8_ROW30","HCC2",2,4,"Tumor_cell",NA
"HCC2_COL8_ROW32","HCC2_COL8_ROW32","HCC2_COL8_ROW32","HCC2_COL8_ROW32","HCC2",2,4,"Tumor_cell","cluster_2"
"HCC2_COL8_ROW34","HCC2_COL8_ROW34","HCC2_COL8_ROW34","HCC2_COL8_ROW34","HCC2",2,4,"Tumor_cell","cluster_2"
"HCC2_COL8_ROW35","HCC2_COL8_ROW35","HCC2_COL8_ROW35","HCC2_COL8_ROW35","HCC2",2,4,"Tumor_cell","cluster_2"
"HCC2_COL8_ROW36","HCC2_COL8_ROW36","HCC2_COL8_ROW36","HCC2_COL8_ROW36","HCC2",2,4,"Tumor_cell","cluster_2"
"HCC2_COL8_ROW37","HCC2_COL8_ROW37","HCC2_COL8_ROW37","HCC2_COL8_ROW37","HCC2",2,4,"Tumor_cell",NA
"HCC2_COL8_ROW40","HCC2_COL8_ROW40","HCC2_COL8_ROW40","HCC2_COL8_ROW40","HCC2",2,4,"Tumor_cell",NA
"HCC2_COL9_ROW1","HCC2_COL9_ROW1","HCC2_COL9_ROW1","HCC2_COL9_ROW1","HCC2",2,4,"Tumor_cell","cluster_2"
"HCC2_COL9_ROW6","HCC2_COL9_ROW6","HCC2_COL9_ROW6","HCC2_COL9_ROW6","HCC2",2,4,"Tumor_cell","cluster_2"
"HCC2_COL9_ROW10","HCC2_COL9_ROW10","HCC2_COL9_ROW10","HCC2_COL9_ROW10","HCC2",2,4,"Tumor_cell","cluster_2"
"HCC2_COL9_ROW11","HCC2_COL9_ROW11","HCC2_COL9_ROW11","HCC2_COL9_ROW11","HCC2",2,4,"Tumor_cell","cluster_2"
"HCC2_COL9_ROW14","HCC2_COL9_ROW14","HCC2_COL9_ROW14","HCC2_COL9_ROW14","HCC2",2,4,"Tumor_cell","cluster_3"
"HCC2_COL9_ROW15","HCC2_COL9_ROW15","HCC2_COL9_ROW15","HCC2_COL9_ROW15","HCC2",2,4,"Tumor_cell","cluster_2"
"HCC2_COL9_ROW16","HCC2_COL9_ROW16","HCC2_COL9_ROW16","HCC2_COL9_ROW16","HCC2",2,4,"Tumor_cell","cluster_2"
"HCC2_COL9_ROW18","HCC2_COL9_ROW18","HCC2_COL9_ROW18","HCC2_COL9_ROW18","HCC2",6,4,"Tumor_cell","cluster_2"
"HCC2_COL9_ROW24","HCC2_COL9_ROW24","HCC2_COL9_ROW24","HCC2_COL9_ROW24","HCC2",2,4,"Tumor_cell",NA
"HCC2_COL9_ROW29","HCC2_COL9_ROW29","HCC2_COL9_ROW29","HCC2_COL9_ROW29","HCC2",2,4,"Tumor_cell","cluster_2"
"HCC2_COL9_ROW30","HCC2_COL9_ROW30","HCC2_COL9_ROW30","HCC2_COL9_ROW30","HCC2",2,4,"Tumor_cell",NA
"HCC2_COL9_ROW33","HCC2_COL9_ROW33","HCC2_COL9_ROW33","HCC2_COL9_ROW33","HCC2",6,4,"Tumor_cell","cluster_2"
"HCC2_COL9_ROW35","HCC2_COL9_ROW35","HCC2_COL9_ROW35","HCC2_COL9_ROW35","HCC2",2,4,"Tumor_cell","cluster_2"
"HCC2_COL9_ROW36","HCC2_COL9_ROW36","HCC2_COL9_ROW36","HCC2_COL9_ROW36","HCC2",2,4,"Tumor_cell","cluster_2"
"HCC2_COL9_ROW38","HCC2_COL9_ROW38","HCC2_COL9_ROW38","HCC2_COL9_ROW38","HCC2",2,4,"Tumor_cell","cluster_2"
"HCC2_COL9_ROW40","HCC2_COL9_ROW40","HCC2_COL9_ROW40","HCC2_COL9_ROW40","HCC2",2,4,"Tumor_cell","cluster_2"
"HCC2_COL10_ROW1","HCC2_COL10_ROW1","HCC2_COL10_ROW1","HCC2_COL10_ROW1","HCC2",2,4,"Tumor_cell","cluster_2"
"HCC2_COL10_ROW2","HCC2_COL10_ROW2","HCC2_COL10_ROW2","HCC2_COL10_ROW2","HCC2",2,4,"Tumor_cell","cluster_2"
"HCC2_COL10_ROW6","HCC2_COL10_ROW6","HCC2_COL10_ROW6","HCC2_COL10_ROW6","HCC2",2,4,"Tumor_cell",NA
"HCC2_COL10_ROW7","HCC2_COL10_ROW7","HCC2_COL10_ROW7","HCC2_COL10_ROW7","HCC2",2,4,"Tumor_cell",NA
"HCC2_COL10_ROW9","HCC2_COL10_ROW9","HCC2_COL10_ROW9","HCC2_COL10_ROW9","HCC2",2,4,"Tumor_cell","cluster_3"
"HCC2_COL10_ROW10","HCC2_COL10_ROW10","HCC2_COL10_ROW10","HCC2_COL10_ROW10","HCC2",2,4,"Tumor_cell","cluster_3"
"HCC2_COL10_ROW12","HCC2_COL10_ROW12","HCC2_COL10_ROW12","HCC2_COL10_ROW12","HCC2",2,4,"Tumor_cell","cluster_2"
"HCC2_COL10_ROW13","HCC2_COL10_ROW13","HCC2_COL10_ROW13","HCC2_COL10_ROW13","HCC2",2,4,"Tumor_cell","cluster_2"
"HCC2_COL10_ROW16","HCC2_COL10_ROW16","HCC2_COL10_ROW16","HCC2_COL10_ROW16","HCC2",2,4,"Tumor_cell","cluster_2"
"HCC2_COL10_ROW17","HCC2_COL10_ROW17","HCC2_COL10_ROW17","HCC2_COL10_ROW17","HCC2",2,4,"Tumor_cell","cluster_2"
"HCC2_COL10_ROW19","HCC2_COL10_ROW19","HCC2_COL10_ROW19","HCC2_COL10_ROW19","HCC2",6,4,"Tumor_cell","cluster_2"
"HCC2_COL10_ROW20","HCC2_COL10_ROW20","HCC2_COL10_ROW20","HCC2_COL10_ROW20","HCC2",2,4,"Tumor_cell","cluster_2"
"HCC2_COL10_ROW35","HCC2_COL10_ROW35","HCC2_COL10_ROW35","HCC2_COL10_ROW35","HCC2",6,4,"Tumor_cell","cluster_2"
"HCC2_COL10_ROW36","HCC2_COL10_ROW36","HCC2_COL10_ROW36","HCC2_COL10_ROW36","HCC2",6,4,"Tumor_cell","cluster_2"
"HCC2_COL10_ROW40","HCC2_COL10_ROW40","HCC2_COL10_ROW40","HCC2_COL10_ROW40","HCC2",2,4,"Tumor_cell","cluster_2"
"HCC2_COL11_ROW4","HCC2_COL11_ROW4","HCC2_COL11_ROW4","HCC2_COL11_ROW4","HCC2",6,4,"Tumor_cell",NA
"HCC2_COL11_ROW5","HCC2_COL11_ROW5","HCC2_COL11_ROW5","HCC2_COL11_ROW5","HCC2",2,4,"Tumor_cell","cluster_2"
"HCC2_COL11_ROW6","HCC2_COL11_ROW6","HCC2_COL11_ROW6","HCC2_COL11_ROW6","HCC2",2,4,"Tumor_cell",NA
"HCC2_COL11_ROW7","HCC2_COL11_ROW7","HCC2_COL11_ROW7","HCC2_COL11_ROW7","HCC2",2,4,"Tumor_cell",NA
"HCC2_COL11_ROW8","HCC2_COL11_ROW8","HCC2_COL11_ROW8","HCC2_COL11_ROW8","HCC2",2,4,"Tumor_cell","cluster_2"
"HCC2_COL11_ROW18","HCC2_COL11_ROW18","HCC2_COL11_ROW18","HCC2_COL11_ROW18","HCC2",2,4,"Tumor_cell","cluster_2"
"HCC2_COL11_ROW20","HCC2_COL11_ROW20","HCC2_COL11_ROW20","HCC2_COL11_ROW20","HCC2",2,4,"Tumor_cell",NA
"HCC2_COL11_ROW21","HCC2_COL11_ROW21","HCC2_COL11_ROW21","HCC2_COL11_ROW21","HCC2",2,4,"Tumor_cell","cluster_2"
"HCC2_COL11_ROW25","HCC2_COL11_ROW25","HCC2_COL11_ROW25","HCC2_COL11_ROW25","HCC2",2,4,"Tumor_cell","cluster_2"
"HCC2_COL11_ROW28","HCC2_COL11_ROW28","HCC2_COL11_ROW28","HCC2_COL11_ROW28","HCC2",2,4,"Tumor_cell","cluster_2"
"HCC2_COL11_ROW29","HCC2_COL11_ROW29","HCC2_COL11_ROW29","HCC2_COL11_ROW29","HCC2",2,4,"Tumor_cell",NA
"HCC2_COL11_ROW30","HCC2_COL11_ROW30","HCC2_COL11_ROW30","HCC2_COL11_ROW30","HCC2",2,4,"Tumor_cell","cluster_2"
"HCC2_COL11_ROW31","HCC2_COL11_ROW31","HCC2_COL11_ROW31","HCC2_COL11_ROW31","HCC2",2,4,"Tumor_cell","cluster_2"
"HCC2_COL11_ROW32","HCC2_COL11_ROW32","HCC2_COL11_ROW32","HCC2_COL11_ROW32","HCC2",2,4,"Tumor_cell",NA
"HCC2_COL11_ROW36","HCC2_COL11_ROW36","HCC2_COL11_ROW36","HCC2_COL11_ROW36","HCC2",2,4,"Tumor_cell","cluster_2"
"HCC2_COL11_ROW38","HCC2_COL11_ROW38","HCC2_COL11_ROW38","HCC2_COL11_ROW38","HCC2",2,4,"Tumor_cell","cluster_2"
"HCC2_COL12_ROW1","HCC2_COL12_ROW1","HCC2_COL12_ROW1","HCC2_COL12_ROW1","HCC2",2,4,"Tumor_cell",NA
"HCC2_COL12_ROW5","HCC2_COL12_ROW5","HCC2_COL12_ROW5","HCC2_COL12_ROW5","HCC2",2,4,"Tumor_cell",NA
"HCC2_COL12_ROW6","HCC2_COL12_ROW6","HCC2_COL12_ROW6","HCC2_COL12_ROW6","HCC2",2,4,"Tumor_cell",NA
"HCC2_COL12_ROW7","HCC2_COL12_ROW7","HCC2_COL12_ROW7","HCC2_COL12_ROW7","HCC2",2,4,"Tumor_cell","cluster_2"
"HCC2_COL12_ROW9","HCC2_COL12_ROW9","HCC2_COL12_ROW9","HCC2_COL12_ROW9","HCC2",2,4,"Tumor_cell",NA
"HCC2_COL12_ROW10","HCC2_COL12_ROW10","HCC2_COL12_ROW10","HCC2_COL12_ROW10","HCC2",2,4,"Tumor_cell","cluster_2"
"HCC2_COL12_ROW11","HCC2_COL12_ROW11","HCC2_COL12_ROW11","HCC2_COL12_ROW11","HCC2",2,4,"Tumor_cell","cluster_2"
"HCC2_COL12_ROW13","HCC2_COL12_ROW13","HCC2_COL12_ROW13","HCC2_COL12_ROW13","HCC2",2,4,"Tumor_cell",NA
"HCC2_COL12_ROW14","HCC2_COL12_ROW14","HCC2_COL12_ROW14","HCC2_COL12_ROW14","HCC2",6,4,"Tumor_cell",NA
"HCC2_COL12_ROW18","HCC2_COL12_ROW18","HCC2_COL12_ROW18","HCC2_COL12_ROW18","HCC2",2,4,"Tumor_cell","cluster_2"
"HCC2_COL12_ROW22","HCC2_COL12_ROW22","HCC2_COL12_ROW22","HCC2_COL12_ROW22","HCC2",2,4,"Tumor_cell",NA
"HCC2_COL12_ROW24","HCC2_COL12_ROW24","HCC2_COL12_ROW24","HCC2_COL12_ROW24","HCC2",2,4,"Tumor_cell","cluster_2"
"HCC2_COL12_ROW25","HCC2_COL12_ROW25","HCC2_COL12_ROW25","HCC2_COL12_ROW25","HCC2",2,4,"Tumor_cell","cluster_2"
"HCC2_COL12_ROW27","HCC2_COL12_ROW27","HCC2_COL12_ROW27","HCC2_COL12_ROW27","HCC2",6,4,"Tumor_cell",NA
"HCC2_COL12_ROW28","HCC2_COL12_ROW28","HCC2_COL12_ROW28","HCC2_COL12_ROW28","HCC2",2,4,"Tumor_cell","cluster_2"
"HCC2_COL12_ROW32","HCC2_COL12_ROW32","HCC2_COL12_ROW32","HCC2_COL12_ROW32","HCC2",6,4,"Tumor_cell","cluster_2"
"HCC2_COL12_ROW33","HCC2_COL12_ROW33","HCC2_COL12_ROW33","HCC2_COL12_ROW33","HCC2",2,4,"Tumor_cell",NA
"HCC2_COL12_ROW36","HCC2_COL12_ROW36","HCC2_COL12_ROW36","HCC2_COL12_ROW36","HCC2",2,4,"Tumor_cell",NA
"HCC2_COL12_ROW38","HCC2_COL12_ROW38","HCC2_COL12_ROW38","HCC2_COL12_ROW38","HCC2",6,4,"Tumor_cell",NA
"HCC2_COL13_ROW2","HCC2_COL13_ROW2","HCC2_COL13_ROW2","HCC2_COL13_ROW2","HCC2",2,4,"Tumor_cell",NA
"HCC2_COL13_ROW3","HCC2_COL13_ROW3","HCC2_COL13_ROW3","HCC2_COL13_ROW3","HCC2",2,4,"Tumor_cell",NA
"HCC2_COL13_ROW8","HCC2_COL13_ROW8","HCC2_COL13_ROW8","HCC2_COL13_ROW8","HCC2",2,4,"Tumor_cell",NA
"HCC2_COL13_ROW9","HCC2_COL13_ROW9","HCC2_COL13_ROW9","HCC2_COL13_ROW9","HCC2",2,4,"Tumor_cell",NA
"HCC2_COL13_ROW11","HCC2_COL13_ROW11","HCC2_COL13_ROW11","HCC2_COL13_ROW11","HCC2",2,4,"Tumor_cell","cluster_2"
"HCC2_COL13_ROW12","HCC2_COL13_ROW12","HCC2_COL13_ROW12","HCC2_COL13_ROW12","HCC2",2,4,"Tumor_cell","cluster_2"
"HCC2_COL13_ROW13","HCC2_COL13_ROW13","HCC2_COL13_ROW13","HCC2_COL13_ROW13","HCC2",2,4,"Tumor_cell","cluster_2"
"HCC2_COL13_ROW15","HCC2_COL13_ROW15","HCC2_COL13_ROW15","HCC2_COL13_ROW15","HCC2",2,4,"Tumor_cell","cluster_2"
"HCC2_COL13_ROW16","HCC2_COL13_ROW16","HCC2_COL13_ROW16","HCC2_COL13_ROW16","HCC2",2,4,"Tumor_cell",NA
"HCC2_COL13_ROW18","HCC2_COL13_ROW18","HCC2_COL13_ROW18","HCC2_COL13_ROW18","HCC2",2,4,"Tumor_cell",NA
"HCC2_COL13_ROW19","HCC2_COL13_ROW19","HCC2_COL13_ROW19","HCC2_COL13_ROW19","HCC2",2,4,"Tumor_cell","cluster_2"
"HCC2_COL13_ROW20","HCC2_COL13_ROW20","HCC2_COL13_ROW20","HCC2_COL13_ROW20","HCC2",2,4,"Tumor_cell",NA
"HCC2_COL13_ROW22","HCC2_COL13_ROW22","HCC2_COL13_ROW22","HCC2_COL13_ROW22","HCC2",2,4,"Tumor_cell",NA
"HCC2_COL13_ROW23","HCC2_COL13_ROW23","HCC2_COL13_ROW23","HCC2_COL13_ROW23","HCC2",2,4,"Tumor_cell",NA
"HCC2_COL13_ROW24","HCC2_COL13_ROW24","HCC2_COL13_ROW24","HCC2_COL13_ROW24","HCC2",2,4,"Tumor_cell","cluster_2"
"HCC2_COL13_ROW26","HCC2_COL13_ROW26","HCC2_COL13_ROW26","HCC2_COL13_ROW26","HCC2",3,4,"Tumor_cell","cluster_3"
"HCC2_COL13_ROW29","HCC2_COL13_ROW29","HCC2_COL13_ROW29","HCC2_COL13_ROW29","HCC2",2,4,"Tumor_cell","cluster_2"
"HCC2_COL13_ROW30","HCC2_COL13_ROW30","HCC2_COL13_ROW30","HCC2_COL13_ROW30","HCC2",2,4,"Tumor_cell","cluster_3"
"HCC2_COL13_ROW31","HCC2_COL13_ROW31","HCC2_COL13_ROW31","HCC2_COL13_ROW31","HCC2",2,4,"Tumor_cell","cluster_2"
"HCC2_COL13_ROW32","HCC2_COL13_ROW32","HCC2_COL13_ROW32","HCC2_COL13_ROW32","HCC2",2,4,"Tumor_cell",NA
"HCC2_COL13_ROW33","HCC2_COL13_ROW33","HCC2_COL13_ROW33","HCC2_COL13_ROW33","HCC2",6,4,"Tumor_cell","cluster_2"
"HCC2_COL13_ROW35","HCC2_COL13_ROW35","HCC2_COL13_ROW35","HCC2_COL13_ROW35","HCC2",2,4,"Tumor_cell",NA
"HCC2_COL13_ROW37","HCC2_COL13_ROW37","HCC2_COL13_ROW37","HCC2_COL13_ROW37","HCC2",2,4,"Tumor_cell","cluster_2"
"HCC2_COL13_ROW38","HCC2_COL13_ROW38","HCC2_COL13_ROW38","HCC2_COL13_ROW38","HCC2",2,4,"Tumor_cell","cluster_2"
"HCC2_COL14_ROW1","HCC2_COL14_ROW1","HCC2_COL14_ROW1","HCC2_COL14_ROW1","HCC2",6,4,"Tumor_cell","cluster_2"
"HCC2_COL14_ROW4","HCC2_COL14_ROW4","HCC2_COL14_ROW4","HCC2_COL14_ROW4","HCC2",2,4,"Tumor_cell",NA
"HCC2_COL14_ROW5","HCC2_COL14_ROW5","HCC2_COL14_ROW5","HCC2_COL14_ROW5","HCC2",2,4,"Tumor_cell","cluster_2"
"HCC2_COL14_ROW8","HCC2_COL14_ROW8","HCC2_COL14_ROW8","HCC2_COL14_ROW8","HCC2",2,4,"Tumor_cell","cluster_2"
"HCC2_COL14_ROW15","HCC2_COL14_ROW15","HCC2_COL14_ROW15","HCC2_COL14_ROW15","HCC2",2,4,"Tumor_cell","cluster_2"
"HCC2_COL14_ROW16","HCC2_COL14_ROW16","HCC2_COL14_ROW16","HCC2_COL14_ROW16","HCC2",2,4,"Tumor_cell",NA
"HCC2_COL14_ROW17","HCC2_COL14_ROW17","HCC2_COL14_ROW17","HCC2_COL14_ROW17","HCC2",2,4,"Tumor_cell","cluster_3"
"HCC2_COL14_ROW18","HCC2_COL14_ROW18","HCC2_COL14_ROW18","HCC2_COL14_ROW18","HCC2",2,4,"Tumor_cell","cluster_2"
"HCC2_COL14_ROW19","HCC2_COL14_ROW19","HCC2_COL14_ROW19","HCC2_COL14_ROW19","HCC2",2,4,"Tumor_cell","cluster_2"
"HCC2_COL14_ROW20","HCC2_COL14_ROW20","HCC2_COL14_ROW20","HCC2_COL14_ROW20","HCC2",2,4,"Tumor_cell","cluster_2"
"HCC2_COL14_ROW21","HCC2_COL14_ROW21","HCC2_COL14_ROW21","HCC2_COL14_ROW21","HCC2",2,4,"Tumor_cell","cluster_2"
"HCC2_COL14_ROW22","HCC2_COL14_ROW22","HCC2_COL14_ROW22","HCC2_COL14_ROW22","HCC2",2,4,"Tumor_cell","cluster_2"
"HCC2_COL14_ROW23","HCC2_COL14_ROW23","HCC2_COL14_ROW23","HCC2_COL14_ROW23","HCC2",2,4,"Tumor_cell","cluster_3"
"HCC2_COL14_ROW26","HCC2_COL14_ROW26","HCC2_COL14_ROW26","HCC2_COL14_ROW26","HCC2",2,4,"Tumor_cell",NA
"HCC2_COL14_ROW28","HCC2_COL14_ROW28","HCC2_COL14_ROW28","HCC2_COL14_ROW28","HCC2",2,4,"Tumor_cell","cluster_2"
"HCC2_COL14_ROW31","HCC2_COL14_ROW31","HCC2_COL14_ROW31","HCC2_COL14_ROW31","HCC2",6,4,"Tumor_cell","cluster_2"
"HCC2_COL14_ROW32","HCC2_COL14_ROW32","HCC2_COL14_ROW32","HCC2_COL14_ROW32","HCC2",2,4,"Tumor_cell","cluster_3"
"HCC2_COL14_ROW34","HCC2_COL14_ROW34","HCC2_COL14_ROW34","HCC2_COL14_ROW34","HCC2",2,4,"Tumor_cell","cluster_2"
"HCC2_COL14_ROW35","HCC2_COL14_ROW35","HCC2_COL14_ROW35","HCC2_COL14_ROW35","HCC2",2,4,"Tumor_cell","cluster_2"
"HCC2_COL14_ROW36","HCC2_COL14_ROW36","HCC2_COL14_ROW36","HCC2_COL14_ROW36","HCC2",2,4,"Tumor_cell","cluster_2"
"HCC2_COL14_ROW40","HCC2_COL14_ROW40","HCC2_COL14_ROW40","HCC2_COL14_ROW40","HCC2",6,4,"Tumor_cell","cluster_2"
"HCC2_COL15_ROW6","HCC2_COL15_ROW6","HCC2_COL15_ROW6","HCC2_COL15_ROW6","HCC2",2,4,"Tumor_cell",NA
"HCC2_COL15_ROW7","HCC2_COL15_ROW7","HCC2_COL15_ROW7","HCC2_COL15_ROW7","HCC2",2,4,"Tumor_cell","cluster_2"
"HCC2_COL15_ROW10","HCC2_COL15_ROW10","HCC2_COL15_ROW10","HCC2_COL15_ROW10","HCC2",2,4,"Tumor_cell","cluster_2"
"HCC2_COL15_ROW13","HCC2_COL15_ROW13","HCC2_COL15_ROW13","HCC2_COL15_ROW13","HCC2",2,4,"Tumor_cell","cluster_2"
"HCC2_COL15_ROW14","HCC2_COL15_ROW14","HCC2_COL15_ROW14","HCC2_COL15_ROW14","HCC2",2,4,"Tumor_cell",NA
"HCC2_COL15_ROW15","HCC2_COL15_ROW15","HCC2_COL15_ROW15","HCC2_COL15_ROW15","HCC2",2,4,"Tumor_cell","cluster_2"
"HCC2_COL15_ROW16","HCC2_COL15_ROW16","HCC2_COL15_ROW16","HCC2_COL15_ROW16","HCC2",6,4,"Tumor_cell",NA
"HCC2_COL15_ROW17","HCC2_COL15_ROW17","HCC2_COL15_ROW17","HCC2_COL15_ROW17","HCC2",2,4,"Tumor_cell","cluster_2"
"HCC2_COL15_ROW18","HCC2_COL15_ROW18","HCC2_COL15_ROW18","HCC2_COL15_ROW18","HCC2",2,4,"Tumor_cell","cluster_2"
"HCC2_COL15_ROW19","HCC2_COL15_ROW19","HCC2_COL15_ROW19","HCC2_COL15_ROW19","HCC2",2,4,"Tumor_cell","cluster_2"
"HCC2_COL15_ROW25","HCC2_COL15_ROW25","HCC2_COL15_ROW25","HCC2_COL15_ROW25","HCC2",2,4,"Tumor_cell","cluster_2"
"HCC2_COL15_ROW26","HCC2_COL15_ROW26","HCC2_COL15_ROW26","HCC2_COL15_ROW26","HCC2",2,4,"Tumor_cell",NA
"HCC2_COL15_ROW29","HCC2_COL15_ROW29","HCC2_COL15_ROW29","HCC2_COL15_ROW29","HCC2",2,4,"Tumor_cell",NA
"HCC2_COL15_ROW31","HCC2_COL15_ROW31","HCC2_COL15_ROW31","HCC2_COL15_ROW31","HCC2",2,4,"Tumor_cell","cluster_2"
"HCC2_COL15_ROW33","HCC2_COL15_ROW33","HCC2_COL15_ROW33","HCC2_COL15_ROW33","HCC2",2,4,"Tumor_cell",NA
"HCC2_COL15_ROW34","HCC2_COL15_ROW34","HCC2_COL15_ROW34","HCC2_COL15_ROW34","HCC2",2,4,"Tumor_cell",NA
"HCC2_COL15_ROW36","HCC2_COL15_ROW36","HCC2_COL15_ROW36","HCC2_COL15_ROW36","HCC2",2,4,"Tumor_cell","cluster_3"
"HCC2_COL15_ROW37","HCC2_COL15_ROW37","HCC2_COL15_ROW37","HCC2_COL15_ROW37","HCC2",6,4,"Tumor_cell","cluster_2"
"HCC2_COL15_ROW38","HCC2_COL15_ROW38","HCC2_COL15_ROW38","HCC2_COL15_ROW38","HCC2",2,4,"Tumor_cell","cluster_2"
"HCC2_COL16_ROW2","HCC2_COL16_ROW2","HCC2_COL16_ROW2","HCC2_COL16_ROW2","HCC2",2,4,"Tumor_cell","cluster_3"
"HCC2_COL16_ROW6","HCC2_COL16_ROW6","HCC2_COL16_ROW6","HCC2_COL16_ROW6","HCC2",2,4,"Tumor_cell",NA
"HCC2_COL16_ROW7","HCC2_COL16_ROW7","HCC2_COL16_ROW7","HCC2_COL16_ROW7","HCC2",2,4,"Tumor_cell","cluster_2"
"HCC2_COL16_ROW8","HCC2_COL16_ROW8","HCC2_COL16_ROW8","HCC2_COL16_ROW8","HCC2",2,4,"Tumor_cell","cluster_2"
"HCC2_COL16_ROW10","HCC2_COL16_ROW10","HCC2_COL16_ROW10","HCC2_COL16_ROW10","HCC2",6,4,"Tumor_cell","cluster_2"
"HCC2_COL16_ROW11","HCC2_COL16_ROW11","HCC2_COL16_ROW11","HCC2_COL16_ROW11","HCC2",6,4,"Tumor_cell",NA
"HCC2_COL16_ROW13","HCC2_COL16_ROW13","HCC2_COL16_ROW13","HCC2_COL16_ROW13","HCC2",2,4,"Tumor_cell","cluster_2"
"HCC2_COL16_ROW14","HCC2_COL16_ROW14","HCC2_COL16_ROW14","HCC2_COL16_ROW14","HCC2",2,4,"Tumor_cell","cluster_2"
"HCC2_COL16_ROW15","HCC2_COL16_ROW15","HCC2_COL16_ROW15","HCC2_COL16_ROW15","HCC2",2,4,"Tumor_cell","cluster_2"
"HCC2_COL16_ROW16","HCC2_COL16_ROW16","HCC2_COL16_ROW16","HCC2_COL16_ROW16","HCC2",6,4,"Tumor_cell","cluster_3"
"HCC2_COL16_ROW20","HCC2_COL16_ROW20","HCC2_COL16_ROW20","HCC2_COL16_ROW20","HCC2",2,4,"Tumor_cell","cluster_2"
"HCC2_COL16_ROW24","HCC2_COL16_ROW24","HCC2_COL16_ROW24","HCC2_COL16_ROW24","HCC2",2,4,"Tumor_cell","cluster_2"
"HCC2_COL16_ROW25","HCC2_COL16_ROW25","HCC2_COL16_ROW25","HCC2_COL16_ROW25","HCC2",2,4,"Tumor_cell","cluster_2"
"HCC2_COL16_ROW26","HCC2_COL16_ROW26","HCC2_COL16_ROW26","HCC2_COL16_ROW26","HCC2",2,4,"Tumor_cell",NA
"HCC2_COL16_ROW28","HCC2_COL16_ROW28","HCC2_COL16_ROW28","HCC2_COL16_ROW28","HCC2",2,4,"Tumor_cell","cluster_2"
"HCC2_COL16_ROW30","HCC2_COL16_ROW30","HCC2_COL16_ROW30","HCC2_COL16_ROW30","HCC2",2,4,"Tumor_cell","cluster_2"
"HCC2_COL16_ROW34","HCC2_COL16_ROW34","HCC2_COL16_ROW34","HCC2_COL16_ROW34","HCC2",2,4,"Tumor_cell","cluster_2"
"HCC2_COL16_ROW35","HCC2_COL16_ROW35","HCC2_COL16_ROW35","HCC2_COL16_ROW35","HCC2",2,4,"Tumor_cell",NA
"HCC2_COL17_ROW2","HCC2_COL17_ROW2","HCC2_COL17_ROW2","HCC2_COL17_ROW2","HCC2",2,4,"Tumor_cell","cluster_2"
"HCC2_COL17_ROW4","HCC2_COL17_ROW4","HCC2_COL17_ROW4","HCC2_COL17_ROW4","HCC2",2,4,"Tumor_cell","cluster_2"
"HCC2_COL17_ROW11","HCC2_COL17_ROW11","HCC2_COL17_ROW11","HCC2_COL17_ROW11","HCC2",2,4,"Tumor_cell",NA
"HCC2_COL17_ROW12","HCC2_COL17_ROW12","HCC2_COL17_ROW12","HCC2_COL17_ROW12","HCC2",2,4,"Tumor_cell","cluster_2"
"HCC2_COL17_ROW13","HCC2_COL17_ROW13","HCC2_COL17_ROW13","HCC2_COL17_ROW13","HCC2",2,4,"Tumor_cell","cluster_2"
"HCC2_COL17_ROW14","HCC2_COL17_ROW14","HCC2_COL17_ROW14","HCC2_COL17_ROW14","HCC2",2,4,"Tumor_cell","cluster_2"
"HCC2_COL17_ROW17","HCC2_COL17_ROW17","HCC2_COL17_ROW17","HCC2_COL17_ROW17","HCC2",2,4,"Tumor_cell",NA
"HCC2_COL17_ROW20","HCC2_COL17_ROW20","HCC2_COL17_ROW20","HCC2_COL17_ROW20","HCC2",2,4,"Tumor_cell","cluster_2"
"HCC2_COL17_ROW21","HCC2_COL17_ROW21","HCC2_COL17_ROW21","HCC2_COL17_ROW21","HCC2",2,4,"Tumor_cell","cluster_2"
"HCC2_COL17_ROW22","HCC2_COL17_ROW22","HCC2_COL17_ROW22","HCC2_COL17_ROW22","HCC2",6,4,"Tumor_cell","cluster_3"
"HCC2_COL17_ROW23","HCC2_COL17_ROW23","HCC2_COL17_ROW23","HCC2_COL17_ROW23","HCC2",2,4,"Tumor_cell","cluster_2"
"HCC2_COL17_ROW24","HCC2_COL17_ROW24","HCC2_COL17_ROW24","HCC2_COL17_ROW24","HCC2",2,4,"Tumor_cell","cluster_2"
"HCC2_COL17_ROW25","HCC2_COL17_ROW25","HCC2_COL17_ROW25","HCC2_COL17_ROW25","HCC2",2,4,"Tumor_cell",NA
"HCC2_COL17_ROW26","HCC2_COL17_ROW26","HCC2_COL17_ROW26","HCC2_COL17_ROW26","HCC2",2,4,"Tumor_cell","cluster_2"
"HCC2_COL17_ROW28","HCC2_COL17_ROW28","HCC2_COL17_ROW28","HCC2_COL17_ROW28","HCC2",2,4,"Tumor_cell",NA
"HCC2_COL17_ROW29","HCC2_COL17_ROW29","HCC2_COL17_ROW29","HCC2_COL17_ROW29","HCC2",6,4,"Tumor_cell",NA
"HCC2_COL17_ROW31","HCC2_COL17_ROW31","HCC2_COL17_ROW31","HCC2_COL17_ROW31","HCC2",2,4,"Tumor_cell",NA
"HCC2_COL17_ROW32","HCC2_COL17_ROW32","HCC2_COL17_ROW32","HCC2_COL17_ROW32","HCC2",2,4,"Tumor_cell","cluster_3"
"HCC2_COL17_ROW34","HCC2_COL17_ROW34","HCC2_COL17_ROW34","HCC2_COL17_ROW34","HCC2",2,4,"Tumor_cell",NA
"HCC2_COL17_ROW35","HCC2_COL17_ROW35","HCC2_COL17_ROW35","HCC2_COL17_ROW35","HCC2",2,4,"Tumor_cell","cluster_2"
"HCC2_COL17_ROW36","HCC2_COL17_ROW36","HCC2_COL17_ROW36","HCC2_COL17_ROW36","HCC2",2,4,"Tumor_cell","cluster_2"
"HCC2_COL17_ROW38","HCC2_COL17_ROW38","HCC2_COL17_ROW38","HCC2_COL17_ROW38","HCC2",6,4,"Tumor_cell","cluster_2"
"HCC2_COL17_ROW40","HCC2_COL17_ROW40","HCC2_COL17_ROW40","HCC2_COL17_ROW40","HCC2",2,4,"Tumor_cell","cluster_2"
"HCC2_COL18_ROW3","HCC2_COL18_ROW3","HCC2_COL18_ROW3","HCC2_COL18_ROW3","HCC2",2,4,"Tumor_cell","cluster_2"
"HCC2_COL18_ROW4","HCC2_COL18_ROW4","HCC2_COL18_ROW4","HCC2_COL18_ROW4","HCC2",2,4,"Tumor_cell","cluster_2"
"HCC2_COL18_ROW5","HCC2_COL18_ROW5","HCC2_COL18_ROW5","HCC2_COL18_ROW5","HCC2",2,4,"Tumor_cell","cluster_2"
"HCC2_COL18_ROW6","HCC2_COL18_ROW6","HCC2_COL18_ROW6","HCC2_COL18_ROW6","HCC2",6,4,"Tumor_cell","cluster_2"
"HCC2_COL18_ROW7","HCC2_COL18_ROW7","HCC2_COL18_ROW7","HCC2_COL18_ROW7","HCC2",2,4,"Tumor_cell","cluster_2"
"HCC2_COL18_ROW9","HCC2_COL18_ROW9","HCC2_COL18_ROW9","HCC2_COL18_ROW9","HCC2",6,4,"Tumor_cell","cluster_2"
"HCC2_COL18_ROW14","HCC2_COL18_ROW14","HCC2_COL18_ROW14","HCC2_COL18_ROW14","HCC2",2,4,"Tumor_cell",NA
"HCC2_COL18_ROW15","HCC2_COL18_ROW15","HCC2_COL18_ROW15","HCC2_COL18_ROW15","HCC2",2,4,"Tumor_cell",NA
"HCC2_COL18_ROW16","HCC2_COL18_ROW16","HCC2_COL18_ROW16","HCC2_COL18_ROW16","HCC2",2,4,"Tumor_cell","cluster_2"
"HCC2_COL18_ROW18","HCC2_COL18_ROW18","HCC2_COL18_ROW18","HCC2_COL18_ROW18","HCC2",2,4,"Tumor_cell","cluster_2"
"HCC2_COL18_ROW19","HCC2_COL18_ROW19","HCC2_COL18_ROW19","HCC2_COL18_ROW19","HCC2",2,4,"Tumor_cell",NA
"HCC2_COL18_ROW22","HCC2_COL18_ROW22","HCC2_COL18_ROW22","HCC2_COL18_ROW22","HCC2",2,4,"Tumor_cell",NA
"HCC2_COL18_ROW23","HCC2_COL18_ROW23","HCC2_COL18_ROW23","HCC2_COL18_ROW23","HCC2",2,4,"Tumor_cell","cluster_3"
"HCC2_COL18_ROW25","HCC2_COL18_ROW25","HCC2_COL18_ROW25","HCC2_COL18_ROW25","HCC2",2,4,"Tumor_cell",NA
"HCC2_COL18_ROW29","HCC2_COL18_ROW29","HCC2_COL18_ROW29","HCC2_COL18_ROW29","HCC2",2,4,"Tumor_cell","cluster_2"
"HCC2_COL18_ROW31","HCC2_COL18_ROW31","HCC2_COL18_ROW31","HCC2_COL18_ROW31","HCC2",2,4,"Tumor_cell",NA
"HCC2_COL18_ROW34","HCC2_COL18_ROW34","HCC2_COL18_ROW34","HCC2_COL18_ROW34","HCC2",2,4,"Tumor_cell","cluster_2"
"HCC2_COL18_ROW38","HCC2_COL18_ROW38","HCC2_COL18_ROW38","HCC2_COL18_ROW38","HCC2",2,4,"Tumor_cell",NA
"HCC2_COL18_ROW40","HCC2_COL18_ROW40","HCC2_COL18_ROW40","HCC2_COL18_ROW40","HCC2",6,4,"Tumor_cell","cluster_2"
"HCC2_COL19_ROW1","HCC2_COL19_ROW1","HCC2_COL19_ROW1","HCC2_COL19_ROW1","HCC2",2,4,"Tumor_cell","cluster_2"
"HCC2_COL19_ROW12","HCC2_COL19_ROW12","HCC2_COL19_ROW12","HCC2_COL19_ROW12","HCC2",2,4,"Tumor_cell",NA
"HCC2_COL19_ROW16","HCC2_COL19_ROW16","HCC2_COL19_ROW16","HCC2_COL19_ROW16","HCC2",2,4,"Tumor_cell",NA
"HCC2_COL19_ROW19","HCC2_COL19_ROW19","HCC2_COL19_ROW19","HCC2_COL19_ROW19","HCC2",2,4,"Tumor_cell",NA
"HCC2_COL19_ROW23","HCC2_COL19_ROW23","HCC2_COL19_ROW23","HCC2_COL19_ROW23","HCC2",2,4,"Tumor_cell",NA
"HCC2_COL19_ROW24","HCC2_COL19_ROW24","HCC2_COL19_ROW24","HCC2_COL19_ROW24","HCC2",2,4,"Tumor_cell","cluster_2"
"HCC2_COL19_ROW26","HCC2_COL19_ROW26","HCC2_COL19_ROW26","HCC2_COL19_ROW26","HCC2",2,4,"Tumor_cell",NA
"HCC2_COL19_ROW27","HCC2_COL19_ROW27","HCC2_COL19_ROW27","HCC2_COL19_ROW27","HCC2",2,4,"Tumor_cell",NA
"HCC2_COL19_ROW29","HCC2_COL19_ROW29","HCC2_COL19_ROW29","HCC2_COL19_ROW29","HCC2",2,4,"Tumor_cell","cluster_2"
"HCC2_COL19_ROW33","HCC2_COL19_ROW33","HCC2_COL19_ROW33","HCC2_COL19_ROW33","HCC2",2,4,"Tumor_cell",NA
"HCC2_COL19_ROW35","HCC2_COL19_ROW35","HCC2_COL19_ROW35","HCC2_COL19_ROW35","HCC2",2,4,"Tumor_cell","cluster_2"
"HCC2_COL19_ROW37","HCC2_COL19_ROW37","HCC2_COL19_ROW37","HCC2_COL19_ROW37","HCC2",2,4,"Tumor_cell","cluster_2"
"HCC2_COL19_ROW38","HCC2_COL19_ROW38","HCC2_COL19_ROW38","HCC2_COL19_ROW38","HCC2",2,4,"Tumor_cell",NA
"HCC2_COL19_ROW40","HCC2_COL19_ROW40","HCC2_COL19_ROW40","HCC2_COL19_ROW40","HCC2",2,4,"Tumor_cell",NA
"HCC2_COL20_ROW2","HCC2_COL20_ROW2","HCC2_COL20_ROW2","HCC2_COL20_ROW2","HCC2",2,4,"Tumor_cell","cluster_2"
"HCC2_COL20_ROW7","HCC2_COL20_ROW7","HCC2_COL20_ROW7","HCC2_COL20_ROW7","HCC2",2,4,"Tumor_cell",NA
"HCC2_COL20_ROW10","HCC2_COL20_ROW10","HCC2_COL20_ROW10","HCC2_COL20_ROW10","HCC2",2,4,"Tumor_cell",NA
"HCC2_COL20_ROW14","HCC2_COL20_ROW14","HCC2_COL20_ROW14","HCC2_COL20_ROW14","HCC2",2,4,"Tumor_cell","cluster_2"
"HCC2_COL20_ROW15","HCC2_COL20_ROW15","HCC2_COL20_ROW15","HCC2_COL20_ROW15","HCC2",2,4,"Tumor_cell","cluster_2"
"HCC2_COL20_ROW16","HCC2_COL20_ROW16","HCC2_COL20_ROW16","HCC2_COL20_ROW16","HCC2",2,4,"Tumor_cell","cluster_2"
"HCC2_COL20_ROW19","HCC2_COL20_ROW19","HCC2_COL20_ROW19","HCC2_COL20_ROW19","HCC2",2,4,"Tumor_cell",NA
"HCC2_COL20_ROW21","HCC2_COL20_ROW21","HCC2_COL20_ROW21","HCC2_COL20_ROW21","HCC2",2,4,"Tumor_cell",NA
"HCC2_COL20_ROW23","HCC2_COL20_ROW23","HCC2_COL20_ROW23","HCC2_COL20_ROW23","HCC2",2,4,"Tumor_cell",NA
"HCC2_COL20_ROW24","HCC2_COL20_ROW24","HCC2_COL20_ROW24","HCC2_COL20_ROW24","HCC2",6,4,"Tumor_cell","cluster_3"
"HCC2_COL20_ROW25","HCC2_COL20_ROW25","HCC2_COL20_ROW25","HCC2_COL20_ROW25","HCC2",2,4,"Tumor_cell","cluster_2"
"HCC2_COL20_ROW28","HCC2_COL20_ROW28","HCC2_COL20_ROW28","HCC2_COL20_ROW28","HCC2",2,4,"Tumor_cell","cluster_2"
"HCC2_COL20_ROW29","HCC2_COL20_ROW29","HCC2_COL20_ROW29","HCC2_COL20_ROW29","HCC2",2,4,"Tumor_cell","cluster_2"
"HCC2_COL20_ROW32","HCC2_COL20_ROW32","HCC2_COL20_ROW32","HCC2_COL20_ROW32","HCC2",2,4,"Tumor_cell",NA
"HCC2_COL20_ROW33","HCC2_COL20_ROW33","HCC2_COL20_ROW33","HCC2_COL20_ROW33","HCC2",2,4,"Tumor_cell","cluster_3"
"HCC2_COL20_ROW34","HCC2_COL20_ROW34","HCC2_COL20_ROW34","HCC2_COL20_ROW34","HCC2",2,4,"Tumor_cell",NA
"HCC2_COL20_ROW35","HCC2_COL20_ROW35","HCC2_COL20_ROW35","HCC2_COL20_ROW35","HCC2",2,4,"Tumor_cell","cluster_2"
"HCC2_COL20_ROW38","HCC2_COL20_ROW38","HCC2_COL20_ROW38","HCC2_COL20_ROW38","HCC2",6,4,"Tumor_cell","cluster_2"
"HCC2_COL20_ROW40","HCC2_COL20_ROW40","HCC2_COL20_ROW40","HCC2_COL20_ROW40","HCC2",2,4,"Tumor_cell","cluster_2"
