"","orig.ident","nCount_RNA","nFeature_RNA","percent.mt","percent.ribo","percent.hb","integrated_snn_res.0.5","seurat_clusters","cell","file","barcode","celltype","sample","cluster_tem"
"P3_YF_AACAAGACAAGCGAAC","P3_YF",4542,1502,8.05812417437252,0,0,9,9,"P3_YF_AACAAGACAAGCGAAC","CB_AACAAGACAAGCGAAC-1","AACAAGACAAGCGAAC-1","B_cell","P3_YF","cluster_1"
"P3_YF_AATCACGAGACAGCTG","P3_YF",5828,1610,4.85586822237474,0,0,9,9,"P3_YF_AATCACGAGACAGCTG","CB_AATCACGAGACAGCTG-1","AATCACGAGACAGCTG-1","B_cell","P3_YF",NA
"P3_YF_ACACTGAGTGTACGCC","P3_YF",4432,1273,4.264440433213,0,0,9,9,"P3_YF_ACACTGAGTGTACGCC","CB_ACACTGAGTGTACGCC-1","ACACTGAGTGTACGCC-1","B_cell","P3_YF","cluster_1"
"P3_YF_ACCCAAACAAAGCACG","P3_YF",4436,1544,6.78539224526601,0,0,9,9,"P3_YF_ACCCAAACAAAGCACG","CB_ACCCAAACAAAGCACG-1","ACCCAAACAAAGCACG-1","B_cell","P3_YF",NA
"P3_YF_AGGTTACTCAGAGTTC","P3_YF",6195,1507,3.89023405972558,0,0,9,9,"P3_YF_AGGTTACTCAGAGTTC","CB_AGGTTACTCAGAGTTC-1","AGGTTACTCAGAGTTC-1","B_cell","P3_YF","cluster_1"
"P3_YF_CATTGAGAGCGCTGCT","P3_YF",3468,1215,4.58477508650519,0,0,9,9,"P3_YF_CATTGAGAGCGCTGCT","CB_CATTGAGAGCGCTGCT-1","CATTGAGAGCGCTGCT-1","B_cell","P3_YF",NA
"P3_YF_CGGCAGTGTCAGGCAA","P3_YF",9937,2687,4.55871993559424,0,0,9,9,"P3_YF_CGGCAGTGTCAGGCAA","CB_CGGCAGTGTCAGGCAA-1","CGGCAGTGTCAGGCAA-1","B_cell","P3_YF","cluster_1"
"P3_YF_GATGGAGAGTTAACAG","P3_YF",6181,2263,3.41368710564634,0,0,9,9,"P3_YF_GATGGAGAGTTAACAG","CB_GATGGAGAGTTAACAG-1","GATGGAGAGTTAACAG-1","B_cell","P3_YF","cluster_1"
"P3_YF_TCGACGGTCCGATTAG","P3_YF",5210,2152,3.22456813819578,0,0,9,9,"P3_YF_TCGACGGTCCGATTAG","CB_TCGACGGTCCGATTAG-1","TCGACGGTCCGATTAG-1","B_cell","P3_YF","cluster_1"
"P3_YF_TGATGGTCACCGTCTT","P3_YF",8755,2550,4.76299257567104,0,0,9,9,"P3_YF_TGATGGTCACCGTCTT","CB_TGATGGTCACCGTCTT-1","TGATGGTCACCGTCTT-1","B_cell","P3_YF","cluster_1"
"P3_YF_AAACGAAAGGCCACCT","P3_YF",20499,4973,10.7907702814771,0,0,13,13,"P3_YF_AAACGAAAGGCCACCT","CB_AAACGAAAGGCCACCT-1","AAACGAAAGGCCACCT-1","Ductal_cell","P3_YF","cluster_1"
"P3_YF_AAAGAACAGCTCGTGC","P3_YF",9730,2802,0.154162384378212,0,0,2,2,"P3_YF_AAAGAACAGCTCGTGC","CB_AAAGAACAGCTCGTGC-1","AAAGAACAGCTCGTGC-1","Ductal_cell","P3_YF",NA
"P3_YF_AACAGGGGTCTTTCAT","P3_YF",24611,4830,7.27723375726301,0,0,13,13,"P3_YF_AACAGGGGTCTTTCAT","CB_AACAGGGGTCTTTCAT-1","AACAGGGGTCTTTCAT-1","Ductal_cell","P3_YF","cluster_1"
"P3_YF_AAGGTAATCGCCACTT","P3_YF",19568,4880,1.67620605069501,0,0,2,2,"P3_YF_AAGGTAATCGCCACTT","CB_AAGGTAATCGCCACTT-1","AAGGTAATCGCCACTT-1","Ductal_cell","P3_YF","cluster_1"
"P3_YF_AATCGACCAACGTAAA","P3_YF",21572,4666,4.28333024290747,0,0,2,2,"P3_YF_AATCGACCAACGTAAA","CB_AATCGACCAACGTAAA-1","AATCGACCAACGTAAA-1","Ductal_cell","P3_YF",NA
"P3_YF_ACAACCACACCGGAAA","P3_YF",21882,4720,2.39923224568138,0,0,2,2,"P3_YF_ACAACCACACCGGAAA","CB_ACAACCACACCGGAAA-1","ACAACCACACCGGAAA-1","Ductal_cell","P3_YF",NA
"P3_YF_ACCATTTTCGAGGCAA","P3_YF",18134,4412,10.913201720525,0,0,13,13,"P3_YF_ACCATTTTCGAGGCAA","CB_ACCATTTTCGAGGCAA-1","ACCATTTTCGAGGCAA-1","Ductal_cell","P3_YF","cluster_1"
"P3_YF_ACCTGAATCATTTGGG","P3_YF",18050,4231,0.548476454293629,0,0,2,2,"P3_YF_ACCTGAATCATTTGGG","CB_ACCTGAATCATTTGGG-1","ACCTGAATCATTTGGG-1","Ductal_cell","P3_YF",NA
"P3_YF_ACGGAAGCACGATAGG","P3_YF",15370,4221,9.7007156798959,0,0,13,13,"P3_YF_ACGGAAGCACGATAGG","CB_ACGGAAGCACGATAGG-1","ACGGAAGCACGATAGG-1","Ductal_cell","P3_YF","cluster_1"
"P3_YF_ACGGGTCAGTAAACGT","P3_YF",16655,4811,4.75532873011108,0,0,2,2,"P3_YF_ACGGGTCAGTAAACGT","CB_ACGGGTCAGTAAACGT-1","ACGGGTCAGTAAACGT-1","Ductal_cell","P3_YF",NA
"P3_YF_ACGGTCGAGATGAATC","P3_YF",16288,4067,5.35977406679764,0,0,2,2,"P3_YF_ACGGTCGAGATGAATC","CB_ACGGTCGAGATGAATC-1","ACGGTCGAGATGAATC-1","Ductal_cell","P3_YF",NA
"P3_YF_ACGTACATCCTGGTCT","P3_YF",19379,4830,5.5007998348728,0,0,2,2,"P3_YF_ACGTACATCCTGGTCT","CB_ACGTACATCCTGGTCT-1","ACGTACATCCTGGTCT-1","Ductal_cell","P3_YF",NA
"P3_YF_ACTTAGGGTCTGATAC","P3_YF",11777,3843,10.1638787467097,0,0,13,13,"P3_YF_ACTTAGGGTCTGATAC","CB_ACTTAGGGTCTGATAC-1","ACTTAGGGTCTGATAC-1","Ductal_cell","P3_YF","cluster_1"
"P3_YF_AGAAGTAGTGTTACTG","P3_YF",12525,3535,8.16766467065868,0,0,2,2,"P3_YF_AGAAGTAGTGTTACTG","CB_AGAAGTAGTGTTACTG-1","AGAAGTAGTGTTACTG-1","Ductal_cell","P3_YF",NA
"P3_YF_AGACCATAGGGTACAC","P3_YF",19720,4088,3.50405679513185,0,0,2,2,"P3_YF_AGACCATAGGGTACAC","CB_AGACCATAGGGTACAC-1","AGACCATAGGGTACAC-1","Ductal_cell","P3_YF","cluster_1"
"P3_YF_AGATCGTAGCTAATGA","P3_YF",19551,4788,5.92297069203621,0,0,13,13,"P3_YF_AGATCGTAGCTAATGA","CB_AGATCGTAGCTAATGA-1","AGATCGTAGCTAATGA-1","Ductal_cell","P3_YF","cluster_1"
"P3_YF_AGGACTTGTGTAGCAG","P3_YF",21232,4513,2.31254709871891,0,0,13,13,"P3_YF_AGGACTTGTGTAGCAG","CB_AGGACTTGTGTAGCAG-1","AGGACTTGTGTAGCAG-1","Ductal_cell","P3_YF",NA
"P3_YF_AGGTAGGTCGAACGGA","P3_YF",17544,4040,0.256497948016416,0,0,13,13,"P3_YF_AGGTAGGTCGAACGGA","CB_AGGTAGGTCGAACGGA-1","AGGTAGGTCGAACGGA-1","Ductal_cell","P3_YF",NA
"P3_YF_AGTGTTGTCTGCGAGC","P3_YF",14037,3877,13.9987176747168,0,0,2,2,"P3_YF_AGTGTTGTCTGCGAGC","CB_AGTGTTGTCTGCGAGC-1","AGTGTTGTCTGCGAGC-1","Ductal_cell","P3_YF",NA
"P3_YF_ATCTCTAAGCTAGTTC","P3_YF",11454,3651,4.32163436354112,0,0,2,2,"P3_YF_ATCTCTAAGCTAGTTC","CB_ATCTCTAAGCTAGTTC-1","ATCTCTAAGCTAGTTC-1","Ductal_cell","P3_YF",NA
"P3_YF_ATGAGGGCATAGCTGT","P3_YF",15343,4173,6.41986573681809,0,0,13,13,"P3_YF_ATGAGGGCATAGCTGT","CB_ATGAGGGCATAGCTGT-1","ATGAGGGCATAGCTGT-1","Ductal_cell","P3_YF","cluster_1"
"P3_YF_ATGGAGGTCACGAACT","P3_YF",21649,4616,7.14582659707146,0,0,13,13,"P3_YF_ATGGAGGTCACGAACT","CB_ATGGAGGTCACGAACT-1","ATGGAGGTCACGAACT-1","Ductal_cell","P3_YF","cluster_1"
"P3_YF_ATGGGTTAGCTTTCTT","P3_YF",12071,3478,4.23328638886588,0,0,2,2,"P3_YF_ATGGGTTAGCTTTCTT","CB_ATGGGTTAGCTTTCTT-1","ATGGGTTAGCTTTCTT-1","Ductal_cell","P3_YF",NA
"P3_YF_ATGTCTTAGTGTAGAT","P3_YF",15009,3820,11.4731161303218,0,0,2,2,"P3_YF_ATGTCTTAGTGTAGAT","CB_ATGTCTTAGTGTAGAT-1","ATGTCTTAGTGTAGAT-1","Ductal_cell","P3_YF",NA
"P3_YF_ATTACCTGTCTAGATC","P3_YF",19149,4682,13.5307326753355,0,0,13,13,"P3_YF_ATTACCTGTCTAGATC","CB_ATTACCTGTCTAGATC-1","ATTACCTGTCTAGATC-1","Ductal_cell","P3_YF","cluster_1"
"P3_YF_ATTCAGGCAGCTGTGC","P3_YF",16213,4180,13.0944303953617,0,0,13,13,"P3_YF_ATTCAGGCAGCTGTGC","CB_ATTCAGGCAGCTGTGC-1","ATTCAGGCAGCTGTGC-1","Ductal_cell","P3_YF","cluster_1"
"P3_YF_CAATACGTCGACACTA","P3_YF",20804,4640,18.7367813881946,0,0,13,13,"P3_YF_CAATACGTCGACACTA","CB_CAATACGTCGACACTA-1","CAATACGTCGACACTA-1","Ductal_cell","P3_YF","cluster_1"
"P3_YF_CAATGACCAATAACCC","P3_YF",13937,3965,11.7313625600918,0,0,2,2,"P3_YF_CAATGACCAATAACCC","CB_CAATGACCAATAACCC-1","CAATGACCAATAACCC-1","Ductal_cell","P3_YF",NA
"P3_YF_CACAGGCCAGAGTTCT","P3_YF",13850,2448,0.0288808664259928,0,0,11,11,"P3_YF_CACAGGCCAGAGTTCT","CB_CACAGGCCAGAGTTCT-1","CACAGGCCAGAGTTCT-1","Ductal_cell","P3_YF",NA
"P3_YF_CACCGTTCATGACGAG","P3_YF",13477,3772,8.28077465311271,0,0,2,2,"P3_YF_CACCGTTCATGACGAG","CB_CACCGTTCATGACGAG-1","CACCGTTCATGACGAG-1","Ductal_cell","P3_YF",NA
"P3_YF_CACGTTCAGGTTGACG","P3_YF",23191,4796,17.8431287999655,0,0,13,13,"P3_YF_CACGTTCAGGTTGACG","CB_CACGTTCAGGTTGACG-1","CACGTTCAGGTTGACG-1","Ductal_cell","P3_YF",NA
"P3_YF_CATAAGCAGATACTGA","P3_YF",16550,3899,0.561933534743203,0,0,2,2,"P3_YF_CATAAGCAGATACTGA","CB_CATAAGCAGATACTGA-1","CATAAGCAGATACTGA-1","Ductal_cell","P3_YF",NA
"P3_YF_CATTCCGTCATCTATC","P3_YF",25916,4790,9.47291248649483,0,0,2,2,"P3_YF_CATTCCGTCATCTATC","CB_CATTCCGTCATCTATC-1","CATTCCGTCATCTATC-1","Ductal_cell","P3_YF",NA
"P3_YF_CCAATGATCATTCTTG","P3_YF",15701,4342,8.96121266161391,0,0,2,2,"P3_YF_CCAATGATCATTCTTG","CB_CCAATGATCATTCTTG-1","CCAATGATCATTCTTG-1","Ductal_cell","P3_YF",NA
"P3_YF_CCACAAAGTGTCACAT","P3_YF",18774,4425,16.8477681900501,0,0,13,13,"P3_YF_CCACAAAGTGTCACAT","CB_CCACAAAGTGTCACAT-1","CCACAAAGTGTCACAT-1","Ductal_cell","P3_YF","cluster_1"
"P3_YF_CCCTAACGTCTGGTTA","P3_YF",22841,4664,5.99360798563986,0,0,2,2,"P3_YF_CCCTAACGTCTGGTTA","CB_CCCTAACGTCTGGTTA-1","CCCTAACGTCTGGTTA-1","Ductal_cell","P3_YF",NA
"P3_YF_CCCTGATTCTGCGGCA","P3_YF",15753,3998,19.7867072938488,0,0,13,13,"P3_YF_CCCTGATTCTGCGGCA","CB_CCCTGATTCTGCGGCA-1","CCCTGATTCTGCGGCA-1","Ductal_cell","P3_YF","cluster_1"
"P3_YF_CCGAACGAGAAGAGCA","P3_YF",21088,4837,8.53091805766313,0,0,2,2,"P3_YF_CCGAACGAGAAGAGCA","CB_CCGAACGAGAAGAGCA-1","CCGAACGAGAAGAGCA-1","Ductal_cell","P3_YF","cluster_1"
"P3_YF_CCGAACGGTAGCTGAG","P3_YF",20978,4924,13.6047287634665,0,0,13,13,"P3_YF_CCGAACGGTAGCTGAG","CB_CCGAACGGTAGCTGAG-1","CCGAACGGTAGCTGAG-1","Ductal_cell","P3_YF","cluster_1"
"P3_YF_CGAGAAGAGGTCGTAG","P3_YF",20553,4702,19.199143677322,0,0,2,2,"P3_YF_CGAGAAGAGGTCGTAG","CB_CGAGAAGAGGTCGTAG-1","CGAGAAGAGGTCGTAG-1","Ductal_cell","P3_YF",NA
"P3_YF_CGGACACAGGGATCGT","P3_YF",23483,2791,0.0127751990801857,0,0,11,11,"P3_YF_CGGACACAGGGATCGT","CB_CGGACACAGGGATCGT-1","CGGACACAGGGATCGT-1","Ductal_cell","P3_YF",NA
"P3_YF_CGGCAGTAGCAGGCTA","P3_YF",23499,3250,0.0212775011702626,0,0,11,11,"P3_YF_CGGCAGTAGCAGGCTA","CB_CGGCAGTAGCAGGCTA-1","CGGCAGTAGCAGGCTA-1","Ductal_cell","P3_YF",NA
"P3_YF_CGTAAGTAGAGCCTGA","P3_YF",17789,4402,9.83191860138288,0,0,2,2,"P3_YF_CGTAAGTAGAGCCTGA","CB_CGTAAGTAGAGCCTGA-1","CGTAAGTAGAGCCTGA-1","Ductal_cell","P3_YF",NA
"P3_YF_CTACAGAAGTGGTCAG","P3_YF",17241,4674,15.0571312568877,0,0,13,13,"P3_YF_CTACAGAAGTGGTCAG","CB_CTACAGAAGTGGTCAG-1","CTACAGAAGTGGTCAG-1","Ductal_cell","P3_YF","cluster_1"
"P3_YF_CTACCCAAGTTGAATG","P3_YF",21395,4942,4.80018695956999,0,0,2,2,"P3_YF_CTACCCAAGTTGAATG","CB_CTACCCAAGTTGAATG-1","CTACCCAAGTTGAATG-1","Ductal_cell","P3_YF",NA
"P3_YF_CTATCCGGTTCGGACC","P3_YF",18630,4606,5.93666129898014,0,0,2,2,"P3_YF_CTATCCGGTTCGGACC","CB_CTATCCGGTTCGGACC-1","CTATCCGGTTCGGACC-1","Ductal_cell","P3_YF",NA
"P3_YF_CTCAGAATCCTACGAA","P3_YF",22481,3782,0.604955295582937,0,0,11,11,"P3_YF_CTCAGAATCCTACGAA","CB_CTCAGAATCCTACGAA-1","CTCAGAATCCTACGAA-1","Ductal_cell","P3_YF",NA
"P3_YF_CTCCATGGTAGCTAAA","P3_YF",14204,4126,2.94987327513377,0,0,2,2,"P3_YF_CTCCATGGTAGCTAAA","CB_CTCCATGGTAGCTAAA-1","CTCCATGGTAGCTAAA-1","Ductal_cell","P3_YF",NA
"P3_YF_CTCCCAAAGGTGCGAT","P3_YF",8949,2801,11.9119454687675,0,0,2,2,"P3_YF_CTCCCAAAGGTGCGAT","CB_CTCCCAAAGGTGCGAT-1","CTCCCAAAGGTGCGAT-1","Ductal_cell","P3_YF",NA
"P3_YF_CTCCCAAGTGCTAGCC","P3_YF",15399,4321,11.2799532437171,0,0,13,13,"P3_YF_CTCCCAAGTGCTAGCC","CB_CTCCCAAGTGCTAGCC-1","CTCCCAAGTGCTAGCC-1","Ductal_cell","P3_YF","cluster_1"
"P3_YF_CTCGAGGAGCGAGTCA","P3_YF",25407,4798,13.1656630062581,0,0,2,2,"P3_YF_CTCGAGGAGCGAGTCA","CB_CTCGAGGAGCGAGTCA-1","CTCGAGGAGCGAGTCA-1","Ductal_cell","P3_YF",NA
"P3_YF_CTCTGGTAGTGTCATC","P3_YF",12572,3950,8.15303849825008,0,0,13,13,"P3_YF_CTCTGGTAGTGTCATC","CB_CTCTGGTAGTGTCATC-1","CTCTGGTAGTGTCATC-1","Ductal_cell","P3_YF",NA
"P3_YF_GAACTGTCAGCCTACG","P3_YF",28691,4906,7.05447701369768,0,0,2,2,"P3_YF_GAACTGTCAGCCTACG","CB_GAACTGTCAGCCTACG-1","GAACTGTCAGCCTACG-1","Ductal_cell","P3_YF",NA
"P3_YF_GAATAGACACCAATTG","P3_YF",23084,4353,0.0736440824813724,0,0,2,2,"P3_YF_GAATAGACACCAATTG","CB_GAATAGACACCAATTG-1","GAATAGACACCAATTG-1","Ductal_cell","P3_YF","cluster_1"
"P3_YF_GACCGTGTCATCCTGC","P3_YF",13772,3742,19.1475457449898,0,0,2,2,"P3_YF_GACCGTGTCATCCTGC","CB_GACCGTGTCATCCTGC-1","GACCGTGTCATCCTGC-1","Ductal_cell","P3_YF",NA
"P3_YF_GAGTCTAAGGCTATCT","P3_YF",13540,3615,2.19350073855244,0,0,2,2,"P3_YF_GAGTCTAAGGCTATCT","CB_GAGTCTAAGGCTATCT-1","GAGTCTAAGGCTATCT-1","Ductal_cell","P3_YF",NA
"P3_YF_GATAGCTTCGATGGAG","P3_YF",15420,4231,7.28274967574579,0,0,13,13,"P3_YF_GATAGCTTCGATGGAG","CB_GATAGCTTCGATGGAG-1","GATAGCTTCGATGGAG-1","Ductal_cell","P3_YF","cluster_1"
"P3_YF_GATCAGTCAATCAGCT","P3_YF",17237,4800,2.60486163485525,0,0,2,2,"P3_YF_GATCAGTCAATCAGCT","CB_GATCAGTCAATCAGCT-1","GATCAGTCAATCAGCT-1","Ductal_cell","P3_YF",NA
"P3_YF_GATGATCTCTAGTGTG","P3_YF",13830,3904,9.53000723065799,0,0,13,13,"P3_YF_GATGATCTCTAGTGTG","CB_GATGATCTCTAGTGTG-1","GATGATCTCTAGTGTG-1","Ductal_cell","P3_YF",NA
"P3_YF_GCACATACACTGGAAG","P3_YF",13528,3626,4.53873447664104,0,0,2,2,"P3_YF_GCACATACACTGGAAG","CB_GCACATACACTGGAAG-1","GCACATACACTGGAAG-1","Ductal_cell","P3_YF",NA
"P3_YF_GCACTAAGTGGAAGTC","P3_YF",10221,2810,7.50415810586048,0,0,2,2,"P3_YF_GCACTAAGTGGAAGTC","CB_GCACTAAGTGGAAGTC-1","GCACTAAGTGGAAGTC-1","Ductal_cell","P3_YF",NA
"P3_YF_GCATCTCCAAAGTATG","P3_YF",18435,4415,2.16436126932465,0,0,2,2,"P3_YF_GCATCTCCAAAGTATG","CB_GCATCTCCAAAGTATG-1","GCATCTCCAAAGTATG-1","Ductal_cell","P3_YF",NA
"P3_YF_GCATTAGAGGATGAGA","P3_YF",19866,4404,2.31551394342092,0,0,2,2,"P3_YF_GCATTAGAGGATGAGA","CB_GCATTAGAGGATGAGA-1","GCATTAGAGGATGAGA-1","Ductal_cell","P3_YF",NA
"P3_YF_GCCATTCGTTACCTGA","P3_YF",26303,4700,12.2039311105197,0,0,2,2,"P3_YF_GCCATTCGTTACCTGA","CB_GCCATTCGTTACCTGA-1","GCCATTCGTTACCTGA-1","Ductal_cell","P3_YF",NA
"P3_YF_GCTACCTCACAAATGA","P3_YF",20039,4570,2.87938519886222,0,0,2,2,"P3_YF_GCTACCTCACAAATGA","CB_GCTACCTCACAAATGA-1","GCTACCTCACAAATGA-1","Ductal_cell","P3_YF",NA
"P3_YF_GGGACTCAGTATGGAT","P3_YF",26258,4994,7.65861832584355,0,0,2,2,"P3_YF_GGGACTCAGTATGGAT","CB_GGGACTCAGTATGGAT-1","GGGACTCAGTATGGAT-1","Ductal_cell","P3_YF",NA
"P3_YF_GGTAATCAGCTCGGCT","P3_YF",16837,4563,14.6463146641326,0,0,13,13,"P3_YF_GGTAATCAGCTCGGCT","CB_GGTAATCAGCTCGGCT-1","GGTAATCAGCTCGGCT-1","Ductal_cell","P3_YF","cluster_1"
"P3_YF_GGTCACGGTGACGCCT","P3_YF",17063,4236,10.5256988806189,0,0,13,13,"P3_YF_GGTCACGGTGACGCCT","CB_GGTCACGGTGACGCCT-1","GGTCACGGTGACGCCT-1","Ductal_cell","P3_YF","cluster_1"
"P3_YF_GGTTAACGTTCCCAAA","P3_YF",18309,4633,3.74679119558687,0,0,2,2,"P3_YF_GGTTAACGTTCCCAAA","CB_GGTTAACGTTCCCAAA-1","GGTTAACGTTCCCAAA-1","Ductal_cell","P3_YF",NA
"P3_YF_GTAACCATCGCGCCAA","P3_YF",21184,4842,0.269070996978852,0,0,2,2,"P3_YF_GTAACCATCGCGCCAA","CB_GTAACCATCGCGCCAA-1","GTAACCATCGCGCCAA-1","Ductal_cell","P3_YF",NA
"P3_YF_GTAAGTCAGTGGCCTC","P3_YF",12220,3533,1.55482815057283,0,0,2,2,"P3_YF_GTAAGTCAGTGGCCTC","CB_GTAAGTCAGTGGCCTC-1","GTAAGTCAGTGGCCTC-1","Ductal_cell","P3_YF",NA
"P3_YF_GTACAACGTTGTTGTG","P3_YF",9065,3017,12.7854384997242,0,0,2,2,"P3_YF_GTACAACGTTGTTGTG","CB_GTACAACGTTGTTGTG-1","GTACAACGTTGTTGTG-1","Ductal_cell","P3_YF",NA
"P3_YF_GTACAGTAGACCAAAT","P3_YF",14067,4062,4.74870263737826,0,0,2,2,"P3_YF_GTACAGTAGACCAAAT","CB_GTACAGTAGACCAAAT-1","GTACAGTAGACCAAAT-1","Ductal_cell","P3_YF",NA
"P3_YF_GTCAAGTCAGTTAAAG","P3_YF",16200,4450,11.1666666666667,0,0,13,13,"P3_YF_GTCAAGTCAGTTAAAG","CB_GTCAAGTCAGTTAAAG-1","GTCAAGTCAGTTAAAG-1","Ductal_cell","P3_YF","cluster_1"
"P3_YF_GTCACTCCACGAGGTA","P3_YF",22148,4914,8.01426765396424,0,0,2,2,"P3_YF_GTCACTCCACGAGGTA","CB_GTCACTCCACGAGGTA-1","GTCACTCCACGAGGTA-1","Ductal_cell","P3_YF",NA
"P3_YF_GTCAGCGCAAGAGTTA","P3_YF",22727,4785,12.3509482113785,0,0,2,2,"P3_YF_GTCAGCGCAAGAGTTA","CB_GTCAGCGCAAGAGTTA-1","GTCAGCGCAAGAGTTA-1","Ductal_cell","P3_YF",NA
"P3_YF_GTCTGTCGTCGCATCG","P3_YF",24295,4863,14.7396583659189,0,0,2,2,"P3_YF_GTCTGTCGTCGCATCG","CB_GTCTGTCGTCGCATCG-1","GTCTGTCGTCGCATCG-1","Ductal_cell","P3_YF",NA
"P3_YF_GTGCTGGTCGGATACT","P3_YF",13985,4404,5.54880228816589,0,0,13,13,"P3_YF_GTGCTGGTCGGATACT","CB_GTGCTGGTCGGATACT-1","GTGCTGGTCGGATACT-1","Ductal_cell","P3_YF",NA
"P3_YF_GTGTAACCACACAGCC","P3_YF",17297,4218,6.61386367578193,0,0,2,2,"P3_YF_GTGTAACCACACAGCC","CB_GTGTAACCACACAGCC-1","GTGTAACCACACAGCC-1","Ductal_cell","P3_YF",NA
"P3_YF_TAAGTCGTCTGAGGTT","P3_YF",13946,4054,7.8875663272623,0,0,2,2,"P3_YF_TAAGTCGTCTGAGGTT","CB_TAAGTCGTCTGAGGTT-1","TAAGTCGTCTGAGGTT-1","Ductal_cell","P3_YF",NA
"P3_YF_TAATTCCCAGTCACGC","P3_YF",11966,3083,4.06986461641317,0,0,2,2,"P3_YF_TAATTCCCAGTCACGC","CB_TAATTCCCAGTCACGC-1","TAATTCCCAGTCACGC-1","Ductal_cell","P3_YF",NA
"P3_YF_TACTTACTCACACGAT","P3_YF",18045,3422,17.467442504849,0,0,2,2,"P3_YF_TACTTACTCACACGAT","CB_TACTTACTCACACGAT-1","TACTTACTCACACGAT-1","Ductal_cell","P3_YF",NA
"P3_YF_TATCAGGCAAGCGAGT","P3_YF",21954,4926,3.49366857975768,0,0,13,13,"P3_YF_TATCAGGCAAGCGAGT","CB_TATCAGGCAAGCGAGT-1","TATCAGGCAAGCGAGT-1","Ductal_cell","P3_YF","cluster_1"
"P3_YF_TATCCTACATAGGTAA","P3_YF",12542,3697,10.6203157391166,0,0,2,2,"P3_YF_TATCCTACATAGGTAA","CB_TATCCTACATAGGTAA-1","TATCCTACATAGGTAA-1","Ductal_cell","P3_YF",NA
"P3_YF_TATTGGGGTAAGGTCG","P3_YF",12856,3752,7.45177349097698,0,0,2,2,"P3_YF_TATTGGGGTAAGGTCG","CB_TATTGGGGTAAGGTCG-1","TATTGGGGTAAGGTCG-1","Ductal_cell","P3_YF",NA
"P3_YF_TCAATCTCACCAAAGG","P3_YF",16672,4162,4.43857965451056,0,0,2,2,"P3_YF_TCAATCTCACCAAAGG","CB_TCAATCTCACCAAAGG-1","TCAATCTCACCAAAGG-1","Ductal_cell","P3_YF",NA
"P3_YF_TCAGCCTTCCATCACC","P3_YF",17657,4559,12.453984255536,0,0,2,2,"P3_YF_TCAGCCTTCCATCACC","CB_TCAGCCTTCCATCACC-1","TCAGCCTTCCATCACC-1","Ductal_cell","P3_YF",NA
"P3_YF_TCATACTCATGGCCAC","P3_YF",13516,3834,7.11749038176975,0,0,13,13,"P3_YF_TCATACTCATGGCCAC","CB_TCATACTCATGGCCAC-1","TCATACTCATGGCCAC-1","Ductal_cell","P3_YF",NA
"P3_YF_TCATCCGGTTCTTCAT","P3_YF",19434,4680,11.3924050632911,0,0,13,13,"P3_YF_TCATCCGGTTCTTCAT","CB_TCATCCGGTTCTTCAT-1","TCATCCGGTTCTTCAT-1","Ductal_cell","P3_YF","cluster_1"
"P3_YF_TCGCAGGGTCCAGGTC","P3_YF",15979,4308,1.80236560485637,0,0,2,2,"P3_YF_TCGCAGGGTCCAGGTC","CB_TCGCAGGGTCCAGGTC-1","TCGCAGGGTCCAGGTC-1","Ductal_cell","P3_YF",NA
"P3_YF_TCTACATAGGTAAGAG","P3_YF",11112,3260,1.73686105111591,0,0,2,2,"P3_YF_TCTACATAGGTAAGAG","CB_TCTACATAGGTAAGAG-1","TCTACATAGGTAAGAG-1","Ductal_cell","P3_YF",NA
"P3_YF_TGATCAGCAGGATTCT","P3_YF",12595,3249,2.72330289797539,0,0,2,2,"P3_YF_TGATCAGCAGGATTCT","CB_TGATCAGCAGGATTCT-1","TGATCAGCAGGATTCT-1","Ductal_cell","P3_YF",NA
"P3_YF_TGATCTTGTCAAGCCC","P3_YF",27413,4892,9.10516908036333,0,0,2,2,"P3_YF_TGATCTTGTCAAGCCC","CB_TGATCTTGTCAAGCCC-1","TGATCTTGTCAAGCCC-1","Ductal_cell","P3_YF",NA
"P3_YF_TGCACGGGTATGAGCG","P3_YF",14151,4129,7.77330224012437,0,0,13,13,"P3_YF_TGCACGGGTATGAGCG","CB_TGCACGGGTATGAGCG-1","TGCACGGGTATGAGCG-1","Ductal_cell","P3_YF","cluster_1"
"P3_YF_TGCAGGCTCATTGCCC","P3_YF",19831,4316,2.3397710655035,0,0,2,2,"P3_YF_TGCAGGCTCATTGCCC","CB_TGCAGGCTCATTGCCC-1","TGCAGGCTCATTGCCC-1","Ductal_cell","P3_YF","cluster_1"
"P3_YF_TGTAAGCCAAGTGGTG","P3_YF",19920,4626,5.45180722891566,0,0,13,13,"P3_YF_TGTAAGCCAAGTGGTG","CB_TGTAAGCCAAGTGGTG-1","TGTAAGCCAAGTGGTG-1","Ductal_cell","P3_YF","cluster_1"
"P3_YF_TGTGCGGAGCAGAAAG","P3_YF",13892,3921,6.0394471638353,0,0,2,2,"P3_YF_TGTGCGGAGCAGAAAG","CB_TGTGCGGAGCAGAAAG-1","TGTGCGGAGCAGAAAG-1","Ductal_cell","P3_YF","cluster_1"
"P3_YF_TGTTACTGTATGTCCA","P3_YF",13166,3721,5.35470150387361,0,0,13,13,"P3_YF_TGTTACTGTATGTCCA","CB_TGTTACTGTATGTCCA-1","TGTTACTGTATGTCCA-1","Ductal_cell","P3_YF",NA
"P3_YF_TTAATCCAGACCCTTA","P3_YF",16343,4453,14.9360582512391,0,0,2,2,"P3_YF_TTAATCCAGACCCTTA","CB_TTAATCCAGACCCTTA-1","TTAATCCAGACCCTTA-1","Ductal_cell","P3_YF","cluster_1"
"P3_YF_TTGCCTGGTTGTTGTG","P3_YF",28374,4798,4.10939592584761,0,0,2,2,"P3_YF_TTGCCTGGTTGTTGTG","CB_TTGCCTGGTTGTTGTG-1","TTGCCTGGTTGTTGTG-1","Ductal_cell","P3_YF",NA
"P3_YF_TTGTTCATCATTGTGG","P3_YF",21522,4512,13.5953907629402,0,0,2,2,"P3_YF_TTGTTCATCATTGTGG","CB_TTGTTCATCATTGTGG-1","TTGTTCATCATTGTGG-1","Ductal_cell","P3_YF","cluster_1"
"P3_YF_TTTATGCGTGCTCTCT","P3_YF",11157,3270,3.94371246750919,0,0,2,2,"P3_YF_TTTATGCGTGCTCTCT","CB_TTTATGCGTGCTCTCT-1","TTTATGCGTGCTCTCT-1","Ductal_cell","P3_YF",NA
"P3_YF_TTTCATGTCTGAGATC","P3_YF",15075,3946,12.3515754560531,0,0,2,2,"P3_YF_TTTCATGTCTGAGATC","CB_TTTCATGTCTGAGATC-1","TTTCATGTCTGAGATC-1","Ductal_cell","P3_YF",NA
"P3_YF_TTTGTTGGTCAATCTG","P3_YF",19725,4352,0.106463878326996,0,0,2,2,"P3_YF_TTTGTTGGTCAATCTG","CB_TTTGTTGGTCAATCTG-1","TTTGTTGGTCAATCTG-1","Ductal_cell","P3_YF",NA
"P3_YF_AACGGGATCCTATTGT","P3_YF",18045,4358,2.8539761706844,0,0,12,12,"P3_YF_AACGGGATCCTATTGT","CB_AACGGGATCCTATTGT-1","AACGGGATCCTATTGT-1","Fibroblasts","P3_YF",NA
"P3_YF_AAGGTAATCGACGATT","P3_YF",18050,4206,0.14404432132964,0,0,6,6,"P3_YF_AAGGTAATCGACGATT","CB_AAGGTAATCGACGATT-1","AAGGTAATCGACGATT-1","Fibroblasts","P3_YF",NA
"P3_YF_ACTTTCATCCTATTTG","P3_YF",20007,4895,3.89363722697056,0,0,6,6,"P3_YF_ACTTTCATCCTATTTG","CB_ACTTTCATCCTATTTG-1","ACTTTCATCCTATTTG-1","Fibroblasts","P3_YF",NA
"P3_YF_ACTTTGTAGTCTTGGT","P3_YF",15235,3868,0.964883491959304,0,0,6,6,"P3_YF_ACTTTGTAGTCTTGGT","CB_ACTTTGTAGTCTTGGT-1","ACTTTGTAGTCTTGGT-1","Fibroblasts","P3_YF",NA
"P3_YF_ATCCACCCAACCTATG","P3_YF",17180,3856,1.48428405122235,0,0,6,6,"P3_YF_ATCCACCCAACCTATG","CB_ATCCACCCAACCTATG-1","ATCCACCCAACCTATG-1","Fibroblasts","P3_YF",NA
"P3_YF_CAGTTCCGTTTCGTAG","P3_YF",17748,4352,4.98647734956051,0,0,6,6,"P3_YF_CAGTTCCGTTTCGTAG","CB_CAGTTCCGTTTCGTAG-1","CAGTTCCGTTTCGTAG-1","Fibroblasts","P3_YF",NA
"P3_YF_CCCTTAGAGGAGCTGT","P3_YF",14793,3883,0.946393564523761,0,0,6,6,"P3_YF_CCCTTAGAGGAGCTGT","CB_CCCTTAGAGGAGCTGT-1","CCCTTAGAGGAGCTGT-1","Fibroblasts","P3_YF",NA
"P3_YF_CGGGCATGTTACGGAG","P3_YF",20267,4708,3.78941135836582,0,0,6,6,"P3_YF_CGGGCATGTTACGGAG","CB_CGGGCATGTTACGGAG-1","CGGGCATGTTACGGAG-1","Fibroblasts","P3_YF",NA
"P3_YF_CGTGAATCAACACAAA","P3_YF",16020,3990,2.19101123595506,0,0,6,6,"P3_YF_CGTGAATCAACACAAA","CB_CGTGAATCAACACAAA-1","CGTGAATCAACACAAA-1","Fibroblasts","P3_YF",NA
"P3_YF_GAGAAATAGCACGTCC","P3_YF",20536,4740,3.91994546162836,0,0,6,6,"P3_YF_GAGAAATAGCACGTCC","CB_GAGAAATAGCACGTCC-1","GAGAAATAGCACGTCC-1","Fibroblasts","P3_YF",NA
"P3_YF_GCGGAAATCGCAATGT","P3_YF",13130,3654,3.18354912414318,0,0,6,6,"P3_YF_GCGGAAATCGCAATGT","CB_GCGGAAATCGCAATGT-1","GCGGAAATCGCAATGT-1","Fibroblasts","P3_YF",NA
"P3_YF_GGCACGTCAGGAGACT","P3_YF",20437,4471,2.82331066203455,0,0,6,6,"P3_YF_GGCACGTCAGGAGACT","CB_GGCACGTCAGGAGACT-1","GGCACGTCAGGAGACT-1","Fibroblasts","P3_YF",NA
"P3_YF_GGGTTATTCCGTATGA","P3_YF",22180,4819,2.52479711451758,0,0,6,6,"P3_YF_GGGTTATTCCGTATGA","CB_GGGTTATTCCGTATGA-1","GGGTTATTCCGTATGA-1","Fibroblasts","P3_YF",NA
"P3_YF_GTGGAGACACTATCCC","P3_YF",17810,4344,3.81246490735542,0,0,6,6,"P3_YF_GTGGAGACACTATCCC","CB_GTGGAGACACTATCCC-1","GTGGAGACACTATCCC-1","Fibroblasts","P3_YF",NA
"P3_YF_GTTGCGGGTTCACGAT","P3_YF",20993,4591,4.55866241127995,0,0,6,6,"P3_YF_GTTGCGGGTTCACGAT","CB_GTTGCGGGTTCACGAT-1","GTTGCGGGTTCACGAT-1","Fibroblasts","P3_YF",NA
"P3_YF_TACAACGGTATGCTAC","P3_YF",14436,3795,2.58381823219728,0,0,12,12,"P3_YF_TACAACGGTATGCTAC","CB_TACAACGGTATGCTAC-1","TACAACGGTATGCTAC-1","Fibroblasts","P3_YF",NA
"P3_YF_TGCAGTAAGTCCTGTA","P3_YF",18331,4255,2.70579891986253,0,0,6,6,"P3_YF_TGCAGTAAGTCCTGTA","CB_TGCAGTAAGTCCTGTA-1","TGCAGTAAGTCCTGTA-1","Fibroblasts","P3_YF",NA
"P3_YF_TGCCGAGGTAGACAAT","P3_YF",15511,4142,3.80375217587518,0,0,6,6,"P3_YF_TGCCGAGGTAGACAAT","CB_TGCCGAGGTAGACAAT-1","TGCCGAGGTAGACAAT-1","Fibroblasts","P3_YF",NA
"P3_YF_TGGAACTTCTAGACAC","P3_YF",17553,4722,7.9530564575856,0,0,6,6,"P3_YF_TGGAACTTCTAGACAC","CB_TGGAACTTCTAGACAC-1","TGGAACTTCTAGACAC-1","Fibroblasts","P3_YF",NA
"P3_YF_TGGTAGTCACCAGCCA","P3_YF",13826,3938,4.18776218718357,0,0,6,6,"P3_YF_TGGTAGTCACCAGCCA","CB_TGGTAGTCACCAGCCA-1","TGGTAGTCACCAGCCA-1","Fibroblasts","P3_YF",NA
"P3_YF_ACGGGTCCAGTATACC","P3_YF",10673,3300,3.56975545769699,0,0,14,14,"P3_YF_ACGGGTCCAGTATACC","CB_ACGGGTCCAGTATACC-1","ACGGGTCCAGTATACC-1","MKI67+cell","P3_YF",NA
"P3_YF_AGCGCCAAGAAGATCT","P3_YF",18115,4253,2.93679271322109,0,0,14,14,"P3_YF_AGCGCCAAGAAGATCT","CB_AGCGCCAAGAAGATCT-1","AGCGCCAAGAAGATCT-1","MKI67+cell","P3_YF","cluster_1"
"P3_YF_ATCCTATAGGAAAGAC","P3_YF",8444,2654,3.8252013263856,0,0,14,14,"P3_YF_ATCCTATAGGAAAGAC","CB_ATCCTATAGGAAAGAC-1","ATCCTATAGGAAAGAC-1","MKI67+cell","P3_YF",NA
"P3_YF_CAACCAAGTGGGAGAG","P3_YF",7689,2318,6.59383534920016,0,0,14,14,"P3_YF_CAACCAAGTGGGAGAG","CB_CAACCAAGTGGGAGAG-1","CAACCAAGTGGGAGAG-1","MKI67+cell","P3_YF",NA
"P3_YF_CAAGAGGGTGCTATTG","P3_YF",10840,3533,6.56826568265683,0,0,14,14,"P3_YF_CAAGAGGGTGCTATTG","CB_CAAGAGGGTGCTATTG-1","CAAGAGGGTGCTATTG-1","MKI67+cell","P3_YF",NA
"P3_YF_CAAGGGACATGTGGCC","P3_YF",10518,3598,4.89636813082335,0,0,14,14,"P3_YF_CAAGGGACATGTGGCC","CB_CAAGGGACATGTGGCC-1","CAAGGGACATGTGGCC-1","MKI67+cell","P3_YF","cluster_1"
"P3_YF_CGAGGAACACTGAGGA","P3_YF",9559,2824,2.19688251909196,0,0,14,14,"P3_YF_CGAGGAACACTGAGGA","CB_CGAGGAACACTGAGGA-1","CGAGGAACACTGAGGA-1","MKI67+cell","P3_YF","cluster_1"
"P3_YF_GTAGTACTCATTGCGA","P3_YF",20235,4659,13.0368173956017,0,0,14,14,"P3_YF_GTAGTACTCATTGCGA","CB_GTAGTACTCATTGCGA-1","GTAGTACTCATTGCGA-1","MKI67+cell","P3_YF","cluster_1"
"P3_YF_TGATGCACAACAGCCC","P3_YF",14479,3917,2.58995787001865,0,0,14,14,"P3_YF_TGATGCACAACAGCCC","CB_TGATGCACAACAGCCC-1","TGATGCACAACAGCCC-1","MKI67+cell","P3_YF","cluster_1"
"P3_YF_TTGTTTGCAGTGCCTG","P3_YF",11949,3263,4.35182860490418,0,0,14,14,"P3_YF_TTGTTTGCAGTGCCTG","CB_TTGTTTGCAGTGCCTG-1","TTGTTTGCAGTGCCTG-1","MKI67+cell","P3_YF",NA
"P3_YF_AAACGAACAGGTCTCG","P3_YF",9315,2830,14.5356951154053,0,0,3,3,"P3_YF_AAACGAACAGGTCTCG","CB_AAACGAACAGGTCTCG-1","AAACGAACAGGTCTCG-1","Mac/Mono","P3_YF","cluster_1"
"P3_YF_AAACGCTAGCCTGCCA","P3_YF",14494,3494,3.96025941769008,0,0,4,4,"P3_YF_AAACGCTAGCCTGCCA","CB_AAACGCTAGCCTGCCA-1","AAACGCTAGCCTGCCA-1","Mac/Mono","P3_YF","cluster_1"
"P3_YF_AAACGCTGTGGACTAG","P3_YF",15889,3419,2.44194096544779,0,0,3,3,"P3_YF_AAACGCTGTGGACTAG","CB_AAACGCTGTGGACTAG-1","AAACGCTGTGGACTAG-1","Mac/Mono","P3_YF","cluster_1"
"P3_YF_AAAGGATTCGGCTGAC","P3_YF",15332,3528,2.97417166710149,0,0,3,3,"P3_YF_AAAGGATTCGGCTGAC","CB_AAAGGATTCGGCTGAC-1","AAAGGATTCGGCTGAC-1","Mac/Mono","P3_YF","cluster_1"
"P3_YF_AAAGTGAGTTGCAACT","P3_YF",21721,3983,2.23746604668293,0,0,3,3,"P3_YF_AAAGTGAGTTGCAACT","CB_AAAGTGAGTTGCAACT-1","AAAGTGAGTTGCAACT-1","Mac/Mono","P3_YF","cluster_1"
"P3_YF_AACCCAAAGAGCGACT","P3_YF",15094,3400,4.0744666755002,0,0,4,4,"P3_YF_AACCCAAAGAGCGACT","CB_AACCCAAAGAGCGACT-1","AACCCAAAGAGCGACT-1","Mac/Mono","P3_YF","cluster_1"
"P3_YF_AACTTCTGTTCACGAT","P3_YF",12279,2905,5.30173466894698,0,0,4,4,"P3_YF_AACTTCTGTTCACGAT","CB_AACTTCTGTTCACGAT-1","AACTTCTGTTCACGAT-1","Mac/Mono","P3_YF","cluster_1"
"P3_YF_AAGAACAGTAGATCGG","P3_YF",10313,2533,2.27867739745952,0,0,3,3,"P3_YF_AAGAACAGTAGATCGG","CB_AAGAACAGTAGATCGG-1","AAGAACAGTAGATCGG-1","Mac/Mono","P3_YF","cluster_1"
"P3_YF_AAGACAAAGGCTTAAA","P3_YF",12659,3167,4.65281617821313,0,0,3,3,"P3_YF_AAGACAAAGGCTTAAA","CB_AAGACAAAGGCTTAAA-1","AAGACAAAGGCTTAAA-1","Mac/Mono","P3_YF","cluster_1"
"P3_YF_AAGACAACAGGACTAG","P3_YF",12970,3739,3.94757131842714,0,0,4,4,"P3_YF_AAGACAACAGGACTAG","CB_AAGACAACAGGACTAG-1","AAGACAACAGGACTAG-1","Mac/Mono","P3_YF","cluster_1"
"P3_YF_AAGACTCGTGTTCATG","P3_YF",19753,4226,6.3129651192224,0,0,4,4,"P3_YF_AAGACTCGTGTTCATG","CB_AAGACTCGTGTTCATG-1","AAGACTCGTGTTCATG-1","Mac/Mono","P3_YF","cluster_1"
"P3_YF_AAGCGTTAGTTACGGG","P3_YF",15972,3208,4.88354620586026,0,0,3,3,"P3_YF_AAGCGTTAGTTACGGG","CB_AAGCGTTAGTTACGGG-1","AAGCGTTAGTTACGGG-1","Mac/Mono","P3_YF","cluster_1"
"P3_YF_AAGTACCCAACATACC","P3_YF",8556,2616,4.40626460963067,0,0,3,3,"P3_YF_AAGTACCCAACATACC","CB_AAGTACCCAACATACC-1","AAGTACCCAACATACC-1","Mac/Mono","P3_YF","cluster_1"
"P3_YF_AAGTGAACATGTGCCG","P3_YF",8279,2296,4.26379997584249,0,0,3,3,"P3_YF_AAGTGAACATGTGCCG","CB_AAGTGAACATGTGCCG-1","AAGTGAACATGTGCCG-1","Mac/Mono","P3_YF","cluster_1"
"P3_YF_AATGGAATCGTTCATT","P3_YF",12819,3464,4.48552929245651,0,0,4,4,"P3_YF_AATGGAATCGTTCATT","CB_AATGGAATCGTTCATT-1","AATGGAATCGTTCATT-1","Mac/Mono","P3_YF","cluster_1"
"P3_YF_AATTCCTCATGAGATA","P3_YF",7354,2136,1.37340223007887,0,0,4,4,"P3_YF_AATTCCTCATGAGATA","CB_AATTCCTCATGAGATA-1","AATTCCTCATGAGATA-1","Mac/Mono","P3_YF","cluster_1"
"P3_YF_AATTTCCAGTGGACTG","P3_YF",7630,2427,8.89908256880734,0,0,4,4,"P3_YF_AATTTCCAGTGGACTG","CB_AATTTCCAGTGGACTG-1","AATTTCCAGTGGACTG-1","Mac/Mono","P3_YF","cluster_1"
"P3_YF_AATTTCCGTTGGGCCT","P3_YF",10726,2604,8.20436322953571,0,0,4,4,"P3_YF_AATTTCCGTTGGGCCT","CB_AATTTCCGTTGGGCCT-1","AATTTCCGTTGGGCCT-1","Mac/Mono","P3_YF","cluster_1"
"P3_YF_ACAACCAAGTAAGGGA","P3_YF",8455,2800,3.44175044352454,0,0,4,4,"P3_YF_ACAACCAAGTAAGGGA","CB_ACAACCAAGTAAGGGA-1","ACAACCAAGTAAGGGA-1","Mac/Mono","P3_YF","cluster_1"
"P3_YF_ACACAGTGTCTTGTCC","P3_YF",14344,3404,7.58505298382599,0,0,4,4,"P3_YF_ACACAGTGTCTTGTCC","CB_ACACAGTGTCTTGTCC-1","ACACAGTGTCTTGTCC-1","Mac/Mono","P3_YF","cluster_1"
"P3_YF_ACACAGTGTGGTCTGC","P3_YF",12314,3348,7.35747929186292,0,0,4,4,"P3_YF_ACACAGTGTGGTCTGC","CB_ACACAGTGTGGTCTGC-1","ACACAGTGTGGTCTGC-1","Mac/Mono","P3_YF","cluster_1"
"P3_YF_ACAGAAAAGCTAGTTC","P3_YF",20246,3876,1.15578385853996,0,0,4,4,"P3_YF_ACAGAAAAGCTAGTTC","CB_ACAGAAAAGCTAGTTC-1","ACAGAAAAGCTAGTTC-1","Mac/Mono","P3_YF","cluster_1"
"P3_YF_ACAGCCGTCCTGCCAT","P3_YF",10572,2648,3.9727582292849,0,0,4,4,"P3_YF_ACAGCCGTCCTGCCAT","CB_ACAGCCGTCCTGCCAT-1","ACAGCCGTCCTGCCAT-1","Mac/Mono","P3_YF","cluster_1"
"P3_YF_ACCACAATCTCAACGA","P3_YF",10621,3069,3.03172959231711,0,0,4,4,"P3_YF_ACCACAATCTCAACGA","CB_ACCACAATCTCAACGA-1","ACCACAATCTCAACGA-1","Mac/Mono","P3_YF","cluster_1"
"P3_YF_ACCCAAACACTTGAAC","P3_YF",10956,3326,6.04235122307411,0,0,4,4,"P3_YF_ACCCAAACACTTGAAC","CB_ACCCAAACACTTGAAC-1","ACCCAAACACTTGAAC-1","Mac/Mono","P3_YF","cluster_1"
"P3_YF_ACCGTTCAGAGTCACG","P3_YF",12529,2952,5.3236491340091,0,0,3,3,"P3_YF_ACCGTTCAGAGTCACG","CB_ACCGTTCAGAGTCACG-1","ACCGTTCAGAGTCACG-1","Mac/Mono","P3_YF","cluster_1"
"P3_YF_ACCTACCCAAGTAGTA","P3_YF",12196,3407,7.26467694326009,0,0,4,4,"P3_YF_ACCTACCCAAGTAGTA","CB_ACCTACCCAAGTAGTA-1","ACCTACCCAAGTAGTA-1","Mac/Mono","P3_YF","cluster_1"
"P3_YF_ACGATGTCATACAGAA","P3_YF",7638,2500,4.01937680020948,0,0,4,4,"P3_YF_ACGATGTCATACAGAA","CB_ACGATGTCATACAGAA-1","ACGATGTCATACAGAA-1","Mac/Mono","P3_YF","cluster_1"
"P3_YF_ACGATGTCATGGCACC","P3_YF",27134,4809,2.612957912582,0,0,4,4,"P3_YF_ACGATGTCATGGCACC","CB_ACGATGTCATGGCACC-1","ACGATGTCATGGCACC-1","Mac/Mono","P3_YF","cluster_1"
"P3_YF_ACTACGAGTCGAAGCA","P3_YF",8050,2248,6.34782608695652,0,0,4,4,"P3_YF_ACTACGAGTCGAAGCA","CB_ACTACGAGTCGAAGCA-1","ACTACGAGTCGAAGCA-1","Mac/Mono","P3_YF","cluster_1"
"P3_YF_ACTATTCCATGGATCT","P3_YF",12177,3071,1.65886507349922,0,0,4,4,"P3_YF_ACTATTCCATGGATCT","CB_ACTATTCCATGGATCT-1","ACTATTCCATGGATCT-1","Mac/Mono","P3_YF","cluster_1"
"P3_YF_ACTATTCGTCTAGGCC","P3_YF",17297,4251,7.33075099728277,0,0,4,4,"P3_YF_ACTATTCGTCTAGGCC","CB_ACTATTCGTCTAGGCC-1","ACTATTCGTCTAGGCC-1","Mac/Mono","P3_YF","cluster_1"
"P3_YF_ACTTCGCCAATGAGCG","P3_YF",4810,1880,9.79209979209979,0,0,4,4,"P3_YF_ACTTCGCCAATGAGCG","CB_ACTTCGCCAATGAGCG-1","ACTTCGCCAATGAGCG-1","Mac/Mono","P3_YF","cluster_1"
"P3_YF_ACTTTGTCAAACGGCA","P3_YF",17163,4840,5.2904503874614,0,0,4,4,"P3_YF_ACTTTGTCAAACGGCA","CB_ACTTTGTCAAACGGCA-1","ACTTTGTCAAACGGCA-1","Mac/Mono","P3_YF","cluster_1"
"P3_YF_ACTTTGTCACGACCTG","P3_YF",7894,2741,4.54775779072713,0,0,4,4,"P3_YF_ACTTTGTCACGACCTG","CB_ACTTTGTCACGACCTG-1","ACTTTGTCACGACCTG-1","Mac/Mono","P3_YF","cluster_1"
"P3_YF_AGAAATGGTACGCGTC","P3_YF",23004,4268,4.7774300121718,0,0,4,4,"P3_YF_AGAAATGGTACGCGTC","CB_AGAAATGGTACGCGTC-1","AGAAATGGTACGCGTC-1","Mac/Mono","P3_YF","cluster_1"
"P3_YF_AGACACTCACTTTATC","P3_YF",15598,3435,1.40402615719964,0,0,4,4,"P3_YF_AGACACTCACTTTATC","CB_AGACACTCACTTTATC-1","AGACACTCACTTTATC-1","Mac/Mono","P3_YF","cluster_1"
"P3_YF_AGACACTTCCGATGCG","P3_YF",10747,3283,5.51781892621197,0,0,4,4,"P3_YF_AGACACTTCCGATGCG","CB_AGACACTTCCGATGCG-1","AGACACTTCCGATGCG-1","Mac/Mono","P3_YF","cluster_1"
"P3_YF_AGACCATTCTGTAAGC","P3_YF",12402,2971,4.18480890179003,0,0,4,4,"P3_YF_AGACCATTCTGTAAGC","CB_AGACCATTCTGTAAGC-1","AGACCATTCTGTAAGC-1","Mac/Mono","P3_YF","cluster_1"
"P3_YF_AGAGAATCAAGCGAAC","P3_YF",9899,2329,5.74805535912718,0,0,4,4,"P3_YF_AGAGAATCAAGCGAAC","CB_AGAGAATCAAGCGAAC-1","AGAGAATCAAGCGAAC-1","Mac/Mono","P3_YF","cluster_1"
"P3_YF_AGATGAAGTAGGTACG","P3_YF",16197,3664,2.8523800703834,0,0,3,3,"P3_YF_AGATGAAGTAGGTACG","CB_AGATGAAGTAGGTACG-1","AGATGAAGTAGGTACG-1","Mac/Mono","P3_YF","cluster_1"
"P3_YF_AGATGAATCTTCGCTG","P3_YF",19690,4322,4.65718638902996,0,0,4,4,"P3_YF_AGATGAATCTTCGCTG","CB_AGATGAATCTTCGCTG-1","AGATGAATCTTCGCTG-1","Mac/Mono","P3_YF","cluster_1"
"P3_YF_AGATGCTCAGACCATT","P3_YF",14464,3453,3.7541482300885,0,0,4,4,"P3_YF_AGATGCTCAGACCATT","CB_AGATGCTCAGACCATT-1","AGATGCTCAGACCATT-1","Mac/Mono","P3_YF","cluster_1"
"P3_YF_AGATGCTGTATACAGA","P3_YF",7092,2467,4.68133107727016,0,0,4,4,"P3_YF_AGATGCTGTATACAGA","CB_AGATGCTGTATACAGA-1","AGATGCTGTATACAGA-1","Mac/Mono","P3_YF","cluster_1"
"P3_YF_AGCCAGCTCCTGCCAT","P3_YF",10190,2794,0.333660451422964,0,0,3,3,"P3_YF_AGCCAGCTCCTGCCAT","CB_AGCCAGCTCCTGCCAT-1","AGCCAGCTCCTGCCAT-1","Mac/Mono","P3_YF","cluster_1"
"P3_YF_AGCGCCATCCATCTGC","P3_YF",13785,2875,8.65433442147262,0,0,3,3,"P3_YF_AGCGCCATCCATCTGC","CB_AGCGCCATCCATCTGC-1","AGCGCCATCCATCTGC-1","Mac/Mono","P3_YF","cluster_1"
"P3_YF_AGCGTATAGGAGTATT","P3_YF",11504,2785,6.02399165507649,0,0,3,3,"P3_YF_AGCGTATAGGAGTATT","CB_AGCGTATAGGAGTATT-1","AGCGTATAGGAGTATT-1","Mac/Mono","P3_YF","cluster_1"
"P3_YF_AGCTTCCAGTCTCCTC","P3_YF",11894,3294,13.8641331763915,0,0,4,4,"P3_YF_AGCTTCCAGTCTCCTC","CB_AGCTTCCAGTCTCCTC-1","AGCTTCCAGTCTCCTC-1","Mac/Mono","P3_YF","cluster_1"
"P3_YF_AGGAATAGTCGATTTG","P3_YF",17829,4277,5.35644175220147,0,0,4,4,"P3_YF_AGGAATAGTCGATTTG","CB_AGGAATAGTCGATTTG-1","AGGAATAGTCGATTTG-1","Mac/Mono","P3_YF","cluster_1"
"P3_YF_AGGGTTTAGAGGGTCT","P3_YF",5332,1580,7.95198799699925,0,0,3,3,"P3_YF_AGGGTTTAGAGGGTCT","CB_AGGGTTTAGAGGGTCT-1","AGGGTTTAGAGGGTCT-1","Mac/Mono","P3_YF","cluster_1"
"P3_YF_AGGGTTTCATAGAAAC","P3_YF",9628,2894,8.32987120897383,0,0,3,3,"P3_YF_AGGGTTTCATAGAAAC","CB_AGGGTTTCATAGAAAC-1","AGGGTTTCATAGAAAC-1","Mac/Mono","P3_YF","cluster_1"
"P3_YF_AGGTAGGCATCTGGGC","P3_YF",10558,3226,3.61810949043379,0,0,4,4,"P3_YF_AGGTAGGCATCTGGGC","CB_AGGTAGGCATCTGGGC-1","AGGTAGGCATCTGGGC-1","Mac/Mono","P3_YF","cluster_1"
"P3_YF_AGGTAGGTCTCGTTTA","P3_YF",14991,3746,4.00907210993263,0,0,4,4,"P3_YF_AGGTAGGTCTCGTTTA","CB_AGGTAGGTCTCGTTTA-1","AGGTAGGTCTCGTTTA-1","Mac/Mono","P3_YF","cluster_1"
"P3_YF_AGGTCATTCCGATGTA","P3_YF",7487,2598,4.04701482569788,0,0,3,3,"P3_YF_AGGTCATTCCGATGTA","CB_AGGTCATTCCGATGTA-1","AGGTCATTCCGATGTA-1","Mac/Mono","P3_YF","cluster_1"
"P3_YF_AGGTTGTGTTGCTCAA","P3_YF",10659,2677,0.159489633173844,0,0,3,3,"P3_YF_AGGTTGTGTTGCTCAA","CB_AGGTTGTGTTGCTCAA-1","AGGTTGTGTTGCTCAA-1","Mac/Mono","P3_YF","cluster_1"
"P3_YF_AGTCTCCCATGAATCC","P3_YF",16513,3703,3.97262762671834,0,0,4,4,"P3_YF_AGTCTCCCATGAATCC","CB_AGTCTCCCATGAATCC-1","AGTCTCCCATGAATCC-1","Mac/Mono","P3_YF","cluster_1"
"P3_YF_ATACCGACACTTCAGA","P3_YF",14612,2916,3.25759649603066,0,0,4,4,"P3_YF_ATACCGACACTTCAGA","CB_ATACCGACACTTCAGA-1","ATACCGACACTTCAGA-1","Mac/Mono","P3_YF","cluster_1"
"P3_YF_ATACTTCCAAGATGTA","P3_YF",12709,3375,2.65953261468251,0,0,3,3,"P3_YF_ATACTTCCAAGATGTA","CB_ATACTTCCAAGATGTA-1","ATACTTCCAAGATGTA-1","Mac/Mono","P3_YF","cluster_1"
"P3_YF_ATAGAGAGTTGATGTC","P3_YF",10227,2768,3.71565463967928,0,0,3,3,"P3_YF_ATAGAGAGTTGATGTC","CB_ATAGAGAGTTGATGTC-1","ATAGAGAGTTGATGTC-1","Mac/Mono","P3_YF","cluster_1"
"P3_YF_ATCACTTAGGCGACAT","P3_YF",11560,2844,4.90484429065744,0,0,3,3,"P3_YF_ATCACTTAGGCGACAT","CB_ATCACTTAGGCGACAT-1","ATCACTTAGGCGACAT-1","Mac/Mono","P3_YF","cluster_1"
"P3_YF_ATCACTTTCCCAGGCA","P3_YF",20699,3985,5.42538286873762,0,0,4,4,"P3_YF_ATCACTTTCCCAGGCA","CB_ATCACTTTCCCAGGCA-1","ATCACTTTCCCAGGCA-1","Mac/Mono","P3_YF","cluster_1"
"P3_YF_ATCACTTTCCCATAGA","P3_YF",6246,1745,11.4633365353826,0,0,3,3,"P3_YF_ATCACTTTCCCATAGA","CB_ATCACTTTCCCATAGA-1","ATCACTTTCCCATAGA-1","Mac/Mono","P3_YF","cluster_1"
"P3_YF_ATCCACCTCTTAGTTC","P3_YF",16954,3482,4.4532263772561,0,0,4,4,"P3_YF_ATCCACCTCTTAGTTC","CB_ATCCACCTCTTAGTTC-1","ATCCACCTCTTAGTTC-1","Mac/Mono","P3_YF","cluster_1"
"P3_YF_ATCCCTGTCCATACTT","P3_YF",17333,4158,2.12311775226447,0,0,4,4,"P3_YF_ATCCCTGTCCATACTT","CB_ATCCCTGTCCATACTT-1","ATCCCTGTCCATACTT-1","Mac/Mono","P3_YF","cluster_1"
"P3_YF_ATCGGATCACGAAAGC","P3_YF",7413,2433,0.78240928099285,0,0,4,4,"P3_YF_ATCGGATCACGAAAGC","CB_ATCGGATCACGAAAGC-1","ATCGGATCACGAAAGC-1","Mac/Mono","P3_YF","cluster_1"
"P3_YF_ATCGGCGTCGTCACCT","P3_YF",9385,3172,10.4315396909963,0,0,4,4,"P3_YF_ATCGGCGTCGTCACCT","CB_ATCGGCGTCGTCACCT-1","ATCGGCGTCGTCACCT-1","Mac/Mono","P3_YF","cluster_1"
"P3_YF_ATGAGGGAGCAACAAT","P3_YF",13602,3867,3.01426260843994,0,0,4,4,"P3_YF_ATGAGGGAGCAACAAT","CB_ATGAGGGAGCAACAAT-1","ATGAGGGAGCAACAAT-1","Mac/Mono","P3_YF","cluster_1"
"P3_YF_ATGATCGAGGTAGACC","P3_YF",21088,3783,4.54286798179059,0,0,4,4,"P3_YF_ATGATCGAGGTAGACC","CB_ATGATCGAGGTAGACC-1","ATGATCGAGGTAGACC-1","Mac/Mono","P3_YF","cluster_1"
"P3_YF_ATGATCGCAGCAGATG","P3_YF",9485,3116,2.84659989457037,0,0,4,4,"P3_YF_ATGATCGCAGCAGATG","CB_ATGATCGCAGCAGATG-1","ATGATCGCAGCAGATG-1","Mac/Mono","P3_YF","cluster_1"
"P3_YF_ATGCATGGTCTTTATC","P3_YF",17768,4649,3.4894191805493,0,0,4,4,"P3_YF_ATGCATGGTCTTTATC","CB_ATGCATGGTCTTTATC-1","ATGCATGGTCTTTATC-1","Mac/Mono","P3_YF","cluster_1"
"P3_YF_ATGGAGGAGTGCGTCC","P3_YF",15456,3433,4.65191511387164,0,0,3,3,"P3_YF_ATGGAGGAGTGCGTCC","CB_ATGGAGGAGTGCGTCC-1","ATGGAGGAGTGCGTCC-1","Mac/Mono","P3_YF","cluster_1"
"P3_YF_ATGGGAGAGTCACGCC","P3_YF",7355,1976,2.55608429639701,0,0,3,3,"P3_YF_ATGGGAGAGTCACGCC","CB_ATGGGAGAGTCACGCC-1","ATGGGAGAGTCACGCC-1","Mac/Mono","P3_YF","cluster_1"
"P3_YF_ATGGGAGCACTAGGCC","P3_YF",9795,2694,3.86932108218479,0,0,3,3,"P3_YF_ATGGGAGCACTAGGCC","CB_ATGGGAGCACTAGGCC-1","ATGGGAGCACTAGGCC-1","Mac/Mono","P3_YF","cluster_1"
"P3_YF_ATGGGAGGTCCGAAAG","P3_YF",29453,4816,2.31215835398771,0,0,3,3,"P3_YF_ATGGGAGGTCCGAAAG","CB_ATGGGAGGTCCGAAAG-1","ATGGGAGGTCCGAAAG-1","Mac/Mono","P3_YF","cluster_1"
"P3_YF_ATGGGTTAGCCATTGT","P3_YF",17701,4693,4.34438732275013,0,0,4,4,"P3_YF_ATGGGTTAGCCATTGT","CB_ATGGGTTAGCCATTGT-1","ATGGGTTAGCCATTGT-1","Mac/Mono","P3_YF","cluster_1"
"P3_YF_ATGGTTGGTCATGGCC","P3_YF",8504,2982,4.10395108184384,0,0,4,4,"P3_YF_ATGGTTGGTCATGGCC","CB_ATGGTTGGTCATGGCC-1","ATGGTTGGTCATGGCC-1","Mac/Mono","P3_YF","cluster_1"
"P3_YF_ATGTCTTAGCAATAAC","P3_YF",14237,3150,3.5470955959823,0,0,3,3,"P3_YF_ATGTCTTAGCAATAAC","CB_ATGTCTTAGCAATAAC-1","ATGTCTTAGCAATAAC-1","Mac/Mono","P3_YF","cluster_1"
"P3_YF_ATTACCTTCGCAGTTA","P3_YF",8322,2502,3.78514780100937,0,0,4,4,"P3_YF_ATTACCTTCGCAGTTA","CB_ATTACCTTCGCAGTTA-1","ATTACCTTCGCAGTTA-1","Mac/Mono","P3_YF","cluster_1"
"P3_YF_ATTCGTTGTTTACCAG","P3_YF",9093,2919,7.08237105465743,0,0,4,4,"P3_YF_ATTCGTTGTTTACCAG","CB_ATTCGTTGTTTACCAG-1","ATTCGTTGTTTACCAG-1","Mac/Mono","P3_YF","cluster_1"
"P3_YF_ATTCTTGCACACTGGC","P3_YF",11285,3110,2.54319893664156,0,0,4,4,"P3_YF_ATTCTTGCACACTGGC","CB_ATTCTTGCACACTGGC-1","ATTCTTGCACACTGGC-1","Mac/Mono","P3_YF","cluster_1"
"P3_YF_ATTTCACAGACATGCG","P3_YF",14092,3568,3.71842179960261,0,0,4,4,"P3_YF_ATTTCACAGACATGCG","CB_ATTTCACAGACATGCG-1","ATTTCACAGACATGCG-1","Mac/Mono","P3_YF","cluster_1"
"P3_YF_CAACCTCCACAAACGG","P3_YF",16750,4192,4.74626865671642,0,0,4,4,"P3_YF_CAACCTCCACAAACGG","CB_CAACCTCCACAAACGG-1","CAACCTCCACAAACGG-1","Mac/Mono","P3_YF","cluster_1"
"P3_YF_CAACCTCCACATACGT","P3_YF",17831,4066,4.86792664460771,0,0,3,3,"P3_YF_CAACCTCCACATACGT","CB_CAACCTCCACATACGT-1","CAACCTCCACATACGT-1","Mac/Mono","P3_YF","cluster_1"
"P3_YF_CAATGACAGCCAAGGT","P3_YF",14121,3209,9.51773953686,0,0,4,4,"P3_YF_CAATGACAGCCAAGGT","CB_CAATGACAGCCAAGGT-1","CAATGACAGCCAAGGT-1","Mac/Mono","P3_YF","cluster_1"
"P3_YF_CAATGACGTCTAGATC","P3_YF",19532,4409,3.84497235306164,0,0,4,4,"P3_YF_CAATGACGTCTAGATC","CB_CAATGACGTCTAGATC-1","CAATGACGTCTAGATC-1","Mac/Mono","P3_YF","cluster_1"
"P3_YF_CACCGTTGTGCAGTGA","P3_YF",9126,2963,2.62984878369494,0,0,4,4,"P3_YF_CACCGTTGTGCAGTGA","CB_CACCGTTGTGCAGTGA-1","CACCGTTGTGCAGTGA-1","Mac/Mono","P3_YF","cluster_1"
"P3_YF_CACTGAAAGGTTTGAA","P3_YF",25582,4733,2.40794308498163,0,0,4,4,"P3_YF_CACTGAAAGGTTTGAA","CB_CACTGAAAGGTTTGAA-1","CACTGAAAGGTTTGAA-1","Mac/Mono","P3_YF","cluster_1"
"P3_YF_CACTGTCAGTCATAGA","P3_YF",21744,4358,2.47884473877851,0,0,3,3,"P3_YF_CACTGTCAGTCATAGA","CB_CACTGTCAGTCATAGA-1","CACTGTCAGTCATAGA-1","Mac/Mono","P3_YF","cluster_1"
"P3_YF_CACTGTCGTAACGCGA","P3_YF",14878,3354,0.0672133351256889,0,0,3,3,"P3_YF_CACTGTCGTAACGCGA","CB_CACTGTCGTAACGCGA-1","CACTGTCGTAACGCGA-1","Mac/Mono","P3_YF",NA
"P3_YF_CAGCACGTCGTGCACG","P3_YF",11476,3591,7.95573370512374,0,0,4,4,"P3_YF_CAGCACGTCGTGCACG","CB_CAGCACGTCGTGCACG-1","CAGCACGTCGTGCACG-1","Mac/Mono","P3_YF","cluster_1"
"P3_YF_CAGCAGCTCTTCCCGA","P3_YF",20413,4281,4.85474942438642,0,0,4,4,"P3_YF_CAGCAGCTCTTCCCGA","CB_CAGCAGCTCTTCCCGA-1","CAGCAGCTCTTCCCGA-1","Mac/Mono","P3_YF","cluster_1"
"P3_YF_CAGGCCACAGCACACC","P3_YF",12772,3364,5.2771688067648,0,0,3,3,"P3_YF_CAGGCCACAGCACACC","CB_CAGGCCACAGCACACC-1","CAGGCCACAGCACACC-1","Mac/Mono","P3_YF","cluster_1"
"P3_YF_CAGGCCAGTGTAAATG","P3_YF",17482,3111,3.71811005605766,0,0,3,3,"P3_YF_CAGGCCAGTGTAAATG","CB_CAGGCCAGTGTAAATG-1","CAGGCCAGTGTAAATG-1","Mac/Mono","P3_YF","cluster_1"
"P3_YF_CAGGGCTCATGTGCTA","P3_YF",12165,3246,1.43033292231813,0,0,4,4,"P3_YF_CAGGGCTCATGTGCTA","CB_CAGGGCTCATGTGCTA-1","CAGGGCTCATGTGCTA-1","Mac/Mono","P3_YF","cluster_1"
"P3_YF_CATAAGCGTTGATCGT","P3_YF",19936,4268,5.03611556982344,0,0,4,4,"P3_YF_CATAAGCGTTGATCGT","CB_CATAAGCGTTGATCGT-1","CATAAGCGTTGATCGT-1","Mac/Mono","P3_YF","cluster_1"
"P3_YF_CATACTTTCGTGCGAC","P3_YF",14736,4207,3.16910966340934,0,0,4,4,"P3_YF_CATACTTTCGTGCGAC","CB_CATACTTTCGTGCGAC-1","CATACTTTCGTGCGAC-1","Mac/Mono","P3_YF","cluster_1"
"P3_YF_CATCCGTTCCGGCTTT","P3_YF",18326,3449,3.98341154643676,0,0,4,4,"P3_YF_CATCCGTTCCGGCTTT","CB_CATCCGTTCCGGCTTT-1","CATCCGTTCCGGCTTT-1","Mac/Mono","P3_YF","cluster_1"
"P3_YF_CATCGCTGTATCGAGG","P3_YF",10630,2607,3.86641580432738,0,0,4,4,"P3_YF_CATCGCTGTATCGAGG","CB_CATCGCTGTATCGAGG-1","CATCGCTGTATCGAGG-1","Mac/Mono","P3_YF","cluster_1"
"P3_YF_CATCGCTTCCGGCTTT","P3_YF",10370,3060,3.20154291224687,0,0,4,4,"P3_YF_CATCGCTTCCGGCTTT","CB_CATCGCTTCCGGCTTT-1","CATCGCTTCCGGCTTT-1","Mac/Mono","P3_YF","cluster_1"
"P3_YF_CATCGTCTCTTCACAT","P3_YF",17651,3619,2.24349895190074,0,0,4,4,"P3_YF_CATCGTCTCTTCACAT","CB_CATCGTCTCTTCACAT-1","CATCGTCTCTTCACAT-1","Mac/Mono","P3_YF","cluster_1"
"P3_YF_CATGAGTCACCGGTCA","P3_YF",15919,3272,3.79420817890571,0,0,4,4,"P3_YF_CATGAGTCACCGGTCA","CB_CATGAGTCACCGGTCA-1","CATGAGTCACCGGTCA-1","Mac/Mono","P3_YF","cluster_1"
"P3_YF_CATGCAAGTAGTACGG","P3_YF",21497,4443,4.10289807880169,0,0,3,3,"P3_YF_CATGCAAGTAGTACGG","CB_CATGCAAGTAGTACGG-1","CATGCAAGTAGTACGG-1","Mac/Mono","P3_YF","cluster_1"
"P3_YF_CATGCTCGTTGTGTAC","P3_YF",17870,4238,5.53441522104085,0,0,4,4,"P3_YF_CATGCTCGTTGTGTAC","CB_CATGCTCGTTGTGTAC-1","CATGCTCGTTGTGTAC-1","Mac/Mono","P3_YF","cluster_1"
"P3_YF_CATGGTATCCACGAAT","P3_YF",6677,1933,4.32829114871948,0,0,3,3,"P3_YF_CATGGTATCCACGAAT","CB_CATGGTATCCACGAAT-1","CATGGTATCCACGAAT-1","Mac/Mono","P3_YF","cluster_1"
"P3_YF_CATGGTATCGTGGTAT","P3_YF",6131,2051,0.962322622736911,0,0,3,3,"P3_YF_CATGGTATCGTGGTAT","CB_CATGGTATCGTGGTAT-1","CATGGTATCGTGGTAT-1","Mac/Mono","P3_YF",NA
"P3_YF_CATTCTAGTCGAGCTC","P3_YF",25832,4244,4.31248064416228,0,0,4,4,"P3_YF_CATTCTAGTCGAGCTC","CB_CATTCTAGTCGAGCTC-1","CATTCTAGTCGAGCTC-1","Mac/Mono","P3_YF","cluster_1"
"P3_YF_CCACACTCACCTCGTT","P3_YF",12414,2866,4.12437570484936,0,0,3,3,"P3_YF_CCACACTCACCTCGTT","CB_CCACACTCACCTCGTT-1","CCACACTCACCTCGTT-1","Mac/Mono","P3_YF","cluster_1"
"P3_YF_CCACGAGTCCTGCCAT","P3_YF",8027,2555,4.60944312943815,0,0,4,4,"P3_YF_CCACGAGTCCTGCCAT","CB_CCACGAGTCCTGCCAT-1","CCACGAGTCCTGCCAT-1","Mac/Mono","P3_YF","cluster_1"
"P3_YF_CCACGTTCAACCCTCT","P3_YF",8342,2777,2.90098297770319,0,0,4,4,"P3_YF_CCACGTTCAACCCTCT","CB_CCACGTTCAACCCTCT-1","CCACGTTCAACCCTCT-1","Mac/Mono","P3_YF","cluster_1"
"P3_YF_CCACTTGGTCATACCA","P3_YF",14502,3447,3.22714108398842,0,0,4,4,"P3_YF_CCACTTGGTCATACCA","CB_CCACTTGGTCATACCA-1","CCACTTGGTCATACCA-1","Mac/Mono","P3_YF","cluster_1"
"P3_YF_CCATCACCAACAAGTA","P3_YF",23466,4836,2.51427597374925,0,0,4,4,"P3_YF_CCATCACCAACAAGTA","CB_CCATCACCAACAAGTA-1","CCATCACCAACAAGTA-1","Mac/Mono","P3_YF","cluster_1"
"P3_YF_CCATCACCACTGTGAT","P3_YF",9163,3103,1.24413401724326,0,0,4,4,"P3_YF_CCATCACCACTGTGAT","CB_CCATCACCACTGTGAT-1","CCATCACCACTGTGAT-1","Mac/Mono","P3_YF","cluster_1"
"P3_YF_CCCAACTTCCGTGGCA","P3_YF",10668,3219,1.96850393700787,0,0,4,4,"P3_YF_CCCAACTTCCGTGGCA","CB_CCCAACTTCCGTGGCA-1","CCCAACTTCCGTGGCA-1","Mac/Mono","P3_YF","cluster_1"
"P3_YF_CCCGGAAAGACTACGG","P3_YF",8545,2521,2.52779403159743,0,0,4,4,"P3_YF_CCCGGAAAGACTACGG","CB_CCCGGAAAGACTACGG-1","CCCGGAAAGACTACGG-1","Mac/Mono","P3_YF","cluster_1"
"P3_YF_CCCTGATCATACTGAC","P3_YF",8556,2490,0.268817204301075,0,0,4,4,"P3_YF_CCCTGATCATACTGAC","CB_CCCTGATCATACTGAC-1","CCCTGATCATACTGAC-1","Mac/Mono","P3_YF","cluster_1"
"P3_YF_CCGAACGGTCTTCGAA","P3_YF",6405,2247,7.93130366900859,0,0,4,4,"P3_YF_CCGAACGGTCTTCGAA","CB_CCGAACGGTCTTCGAA-1","CCGAACGGTCTTCGAA-1","Mac/Mono","P3_YF","cluster_1"
"P3_YF_CCGATCTCACAACGTT","P3_YF",19145,3684,5.1762862366153,0,0,4,4,"P3_YF_CCGATCTCACAACGTT","CB_CCGATCTCACAACGTT-1","CCGATCTCACAACGTT-1","Mac/Mono","P3_YF","cluster_1"
"P3_YF_CCGTTCACATCGAACT","P3_YF",9407,2847,8.45115339640693,0,0,4,4,"P3_YF_CCGTTCACATCGAACT","CB_CCGTTCACATCGAACT-1","CCGTTCACATCGAACT-1","Mac/Mono","P3_YF","cluster_1"
"P3_YF_CCTAACCCAGACCGCT","P3_YF",12589,3197,3.48717134005878,0,0,4,4,"P3_YF_CCTAACCCAGACCGCT","CB_CCTAACCCAGACCGCT-1","CCTAACCCAGACCGCT-1","Mac/Mono","P3_YF","cluster_1"
"P3_YF_CCTCAACAGCTGAAAT","P3_YF",17369,3595,2.57930796246186,0,0,3,3,"P3_YF_CCTCAACAGCTGAAAT","CB_CCTCAACAGCTGAAAT-1","CCTCAACAGCTGAAAT-1","Mac/Mono","P3_YF","cluster_1"
"P3_YF_CCTCACACAGAGGGTT","P3_YF",16046,3436,4.39361834725165,0,0,3,3,"P3_YF_CCTCACACAGAGGGTT","CB_CCTCACACAGAGGGTT-1","CCTCACACAGAGGGTT-1","Mac/Mono","P3_YF","cluster_1"
"P3_YF_CCTCACAGTACCTATG","P3_YF",23141,4507,6.42582429454215,0,0,4,4,"P3_YF_CCTCACAGTACCTATG","CB_CCTCACAGTACCTATG-1","CCTCACAGTACCTATG-1","Mac/Mono","P3_YF","cluster_1"
"P3_YF_CCTCATGCAACGGCTC","P3_YF",12566,2930,4.17794047429572,0,0,4,4,"P3_YF_CCTCATGCAACGGCTC","CB_CCTCATGCAACGGCTC-1","CCTCATGCAACGGCTC-1","Mac/Mono","P3_YF","cluster_1"
"P3_YF_CCTCCAAAGAACCGCA","P3_YF",14481,3727,3.79808024307714,0,0,4,4,"P3_YF_CCTCCAAAGAACCGCA","CB_CCTCCAAAGAACCGCA-1","CCTCCAAAGAACCGCA-1","Mac/Mono","P3_YF","cluster_1"
"P3_YF_CCTCTCCTCCGTAGTA","P3_YF",8929,2986,3.12465001679919,0,0,4,4,"P3_YF_CCTCTCCTCCGTAGTA","CB_CCTCTCCTCCGTAGTA-1","CCTCTCCTCCGTAGTA-1","Mac/Mono","P3_YF","cluster_1"
"P3_YF_CGAGGCTTCAATCCGA","P3_YF",7407,2528,8.08694478196301,0,0,4,4,"P3_YF_CGAGGCTTCAATCCGA","CB_CGAGGCTTCAATCCGA-1","CGAGGCTTCAATCCGA-1","Mac/Mono","P3_YF","cluster_1"
"P3_YF_CGCATGGGTAGAGGAA","P3_YF",9849,2718,9.10752360645751,0,0,4,4,"P3_YF_CGCATGGGTAGAGGAA","CB_CGCATGGGTAGAGGAA-1","CGCATGGGTAGAGGAA-1","Mac/Mono","P3_YF","cluster_1"
"P3_YF_CGGACACTCGATAACC","P3_YF",10295,3094,1.13647401651287,0,0,4,4,"P3_YF_CGGACACTCGATAACC","CB_CGGACACTCGATAACC-1","CGGACACTCGATAACC-1","Mac/Mono","P3_YF","cluster_1"
"P3_YF_CGGCAGTGTAAGGCCA","P3_YF",11537,3299,3.37176042298691,0,0,4,4,"P3_YF_CGGCAGTGTAAGGCCA","CB_CGGCAGTGTAAGGCCA-1","CGGCAGTGTAAGGCCA-1","Mac/Mono","P3_YF","cluster_1"
"P3_YF_CGGGCATTCCTCTCGA","P3_YF",15850,3574,5.83596214511041,0,0,4,4,"P3_YF_CGGGCATTCCTCTCGA","CB_CGGGCATTCCTCTCGA-1","CGGGCATTCCTCTCGA-1","Mac/Mono","P3_YF","cluster_1"
"P3_YF_CGGTCAGCAGTCCCGA","P3_YF",18533,3774,2.95149193330815,0,0,3,3,"P3_YF_CGGTCAGCAGTCCCGA","CB_CGGTCAGCAGTCCCGA-1","CGGTCAGCAGTCCCGA-1","Mac/Mono","P3_YF","cluster_1"
"P3_YF_CGTTGGGCAGGTGACA","P3_YF",27832,4683,1.72104052888761,0,0,4,4,"P3_YF_CGTTGGGCAGGTGACA","CB_CGTTGGGCAGGTGACA-1","CGTTGGGCAGGTGACA-1","Mac/Mono","P3_YF","cluster_1"
"P3_YF_CGTTGGGCATCATCCC","P3_YF",18921,4200,3.9057132286877,0,0,4,4,"P3_YF_CGTTGGGCATCATCCC","CB_CGTTGGGCATCATCCC-1","CGTTGGGCATCATCCC-1","Mac/Mono","P3_YF","cluster_1"
"P3_YF_CTACCCAAGATAACAC","P3_YF",15920,3861,3.96984924623116,0,0,4,4,"P3_YF_CTACCCAAGATAACAC","CB_CTACCCAAGATAACAC-1","CTACCCAAGATAACAC-1","Mac/Mono","P3_YF","cluster_1"
"P3_YF_CTACGGGGTCTGTAAC","P3_YF",21007,3670,3.21797496072738,0,0,3,3,"P3_YF_CTACGGGGTCTGTAAC","CB_CTACGGGGTCTGTAAC-1","CTACGGGGTCTGTAAC-1","Mac/Mono","P3_YF","cluster_1"
"P3_YF_CTACTATAGACTCTTG","P3_YF",17865,4101,2.55247691015953,0,0,3,3,"P3_YF_CTACTATAGACTCTTG","CB_CTACTATAGACTCTTG-1","CTACTATAGACTCTTG-1","Mac/Mono","P3_YF","cluster_1"
"P3_YF_CTCAACCTCGCTCATC","P3_YF",11080,3405,8.72743682310469,0,0,4,4,"P3_YF_CTCAACCTCGCTCATC","CB_CTCAACCTCGCTCATC-1","CTCAACCTCGCTCATC-1","Mac/Mono","P3_YF","cluster_1"
"P3_YF_CTCACTGGTCCTGAAT","P3_YF",13995,2840,2.51518399428367,0,0,3,3,"P3_YF_CTCACTGGTCCTGAAT","CB_CTCACTGGTCCTGAAT-1","CTCACTGGTCCTGAAT-1","Mac/Mono","P3_YF","cluster_1"
"P3_YF_CTCAGGGTCATAGCAC","P3_YF",9790,2498,7.47701736465782,0,0,3,3,"P3_YF_CTCAGGGTCATAGCAC","CB_CTCAGGGTCATAGCAC-1","CTCAGGGTCATAGCAC-1","Mac/Mono","P3_YF","cluster_1"
"P3_YF_CTCATCGAGGTTGTTC","P3_YF",17358,3739,10.7558474478627,0,0,4,4,"P3_YF_CTCATCGAGGTTGTTC","CB_CTCATCGAGGTTGTTC-1","CTCATCGAGGTTGTTC-1","Mac/Mono","P3_YF","cluster_1"
"P3_YF_CTCCAACTCGTGGGTC","P3_YF",9644,2615,4.5935296557445,0,0,3,3,"P3_YF_CTCCAACTCGTGGGTC","CB_CTCCAACTCGTGGGTC-1","CTCCAACTCGTGGGTC-1","Mac/Mono","P3_YF","cluster_1"
"P3_YF_CTCCCAAAGTAAATGC","P3_YF",13324,3347,5.75652957069949,0,0,4,4,"P3_YF_CTCCCAAAGTAAATGC","CB_CTCCCAAAGTAAATGC-1","CTCCCAAAGTAAATGC-1","Mac/Mono","P3_YF","cluster_1"
"P3_YF_CTCCCTCTCAAGTCGT","P3_YF",35081,4907,1.01479433311479,0,0,3,3,"P3_YF_CTCCCTCTCAAGTCGT","CB_CTCCCTCTCAAGTCGT-1","CTCCCTCTCAAGTCGT-1","Mac/Mono","P3_YF","cluster_1"
"P3_YF_CTCCTTTTCTACGGTA","P3_YF",11980,3394,2.96327212020033,0,0,3,3,"P3_YF_CTCCTTTTCTACGGTA","CB_CTCCTTTTCTACGGTA-1","CTCCTTTTCTACGGTA-1","Mac/Mono","P3_YF","cluster_1"
"P3_YF_CTCGAGGCACAGACGA","P3_YF",9943,2655,1.77008951020819,0,0,3,3,"P3_YF_CTCGAGGCACAGACGA","CB_CTCGAGGCACAGACGA-1","CTCGAGGCACAGACGA-1","Mac/Mono","P3_YF","cluster_1"
"P3_YF_CTGCCATGTGATCGTT","P3_YF",18731,3745,3.1765522396028,0,0,4,4,"P3_YF_CTGCCATGTGATCGTT","CB_CTGCCATGTGATCGTT-1","CTGCCATGTGATCGTT-1","Mac/Mono","P3_YF","cluster_1"
"P3_YF_CTGGCAGAGCCACCGT","P3_YF",6386,2014,3.13185092389602,0,0,3,3,"P3_YF_CTGGCAGAGCCACCGT","CB_CTGGCAGAGCCACCGT-1","CTGGCAGAGCCACCGT-1","Mac/Mono","P3_YF","cluster_1"
"P3_YF_CTGTATTAGATGAATC","P3_YF",13139,3171,4.0414034553619,0,0,4,4,"P3_YF_CTGTATTAGATGAATC","CB_CTGTATTAGATGAATC-1","CTGTATTAGATGAATC-1","Mac/Mono","P3_YF","cluster_1"
"P3_YF_CTGTGAACAAGAGAGA","P3_YF",7998,2436,4.81370342585646,0,0,4,4,"P3_YF_CTGTGAACAAGAGAGA","CB_CTGTGAACAAGAGAGA-1","CTGTGAACAAGAGAGA-1","Mac/Mono","P3_YF","cluster_1"
"P3_YF_CTTCTCTAGGGTGAAA","P3_YF",12632,3150,4.90025332488917,0,0,4,4,"P3_YF_CTTCTCTAGGGTGAAA","CB_CTTCTCTAGGGTGAAA-1","CTTCTCTAGGGTGAAA-1","Mac/Mono","P3_YF","cluster_1"
"P3_YF_GAAACCTCAGAAGTGC","P3_YF",15555,4248,8.22243651558984,0,0,4,4,"P3_YF_GAAACCTCAGAAGTGC","CB_GAAACCTCAGAAGTGC-1","GAAACCTCAGAAGTGC-1","Mac/Mono","P3_YF","cluster_1"
"P3_YF_GAAGAATAGGTAAGGA","P3_YF",18292,4320,4.30242729061885,0,0,4,4,"P3_YF_GAAGAATAGGTAAGGA","CB_GAAGAATAGGTAAGGA-1","GAAGAATAGGTAAGGA-1","Mac/Mono","P3_YF","cluster_1"
"P3_YF_GAAGCCCAGACAGCTG","P3_YF",9187,2849,7.9460106672472,0,0,4,4,"P3_YF_GAAGCCCAGACAGCTG","CB_GAAGCCCAGACAGCTG-1","GAAGCCCAGACAGCTG-1","Mac/Mono","P3_YF","cluster_1"
"P3_YF_GAAGCCCAGAGATTCA","P3_YF",12699,3313,3.51208756595007,0,0,4,4,"P3_YF_GAAGCCCAGAGATTCA","CB_GAAGCCCAGAGATTCA-1","GAAGCCCAGAGATTCA-1","Mac/Mono","P3_YF","cluster_1"
"P3_YF_GAAGCCCTCTGCATGA","P3_YF",13548,3601,8.03808680248007,0,0,4,4,"P3_YF_GAAGCCCTCTGCATGA","CB_GAAGCCCTCTGCATGA-1","GAAGCCCTCTGCATGA-1","Mac/Mono","P3_YF","cluster_1"
"P3_YF_GAAGGACTCTTGAACG","P3_YF",12496,3426,3.11299615877081,0,0,4,4,"P3_YF_GAAGGACTCTTGAACG","CB_GAAGGACTCTTGAACG-1","GAAGGACTCTTGAACG-1","Mac/Mono","P3_YF","cluster_1"
"P3_YF_GAATAGATCAATCCGA","P3_YF",8893,2646,9.38940739907793,0,0,4,4,"P3_YF_GAATAGATCAATCCGA","CB_GAATAGATCAATCCGA-1","GAATAGATCAATCCGA-1","Mac/Mono","P3_YF","cluster_1"
"P3_YF_GAATCGTCACGAGGAT","P3_YF",10449,2816,2.99550196191023,0,0,4,4,"P3_YF_GAATCGTCACGAGGAT","CB_GAATCGTCACGAGGAT-1","GAATCGTCACGAGGAT-1","Mac/Mono","P3_YF","cluster_1"
"P3_YF_GACATCACAAAGAGTT","P3_YF",13855,3643,6.12775171418261,0,0,4,4,"P3_YF_GACATCACAAAGAGTT","CB_GACATCACAAAGAGTT-1","GACATCACAAAGAGTT-1","Mac/Mono","P3_YF","cluster_1"
"P3_YF_GACATCAGTAAGCTCT","P3_YF",7325,2465,16.4505119453925,0,0,4,4,"P3_YF_GACATCAGTAAGCTCT","CB_GACATCAGTAAGCTCT-1","GACATCAGTAAGCTCT-1","Mac/Mono","P3_YF","cluster_1"
"P3_YF_GACCGTGCAGCCGTCA","P3_YF",16274,4260,4.80521076563844,0,0,4,4,"P3_YF_GACCGTGCAGCCGTCA","CB_GACCGTGCAGCCGTCA-1","GACCGTGCAGCCGTCA-1","Mac/Mono","P3_YF","cluster_1"
"P3_YF_GACCTTCGTAAGGCCA","P3_YF",10234,3107,4.14305256986516,0,0,4,4,"P3_YF_GACCTTCGTAAGGCCA","CB_GACCTTCGTAAGGCCA-1","GACCTTCGTAAGGCCA-1","Mac/Mono","P3_YF","cluster_1"
"P3_YF_GACCTTCTCAAAGGAT","P3_YF",18406,3647,4.906008910138,0,0,3,3,"P3_YF_GACCTTCTCAAAGGAT","CB_GACCTTCTCAAAGGAT-1","GACCTTCTCAAAGGAT-1","Mac/Mono","P3_YF","cluster_1"
"P3_YF_GACTATGAGTAACGTA","P3_YF",4394,1641,11.9481110605371,0,0,3,3,"P3_YF_GACTATGAGTAACGTA","CB_GACTATGAGTAACGTA-1","GACTATGAGTAACGTA-1","Mac/Mono","P3_YF","cluster_1"
"P3_YF_GACTATGAGTATGCAA","P3_YF",10948,3266,4.00986481549141,0,0,4,4,"P3_YF_GACTATGAGTATGCAA","CB_GACTATGAGTATGCAA-1","GACTATGAGTATGCAA-1","Mac/Mono","P3_YF","cluster_1"
"P3_YF_GACTATGCAGACCCGT","P3_YF",12930,2693,4.12993039443155,0,0,4,4,"P3_YF_GACTATGCAGACCCGT","CB_GACTATGCAGACCCGT-1","GACTATGCAGACCCGT-1","Mac/Mono","P3_YF","cluster_1"
"P3_YF_GAGACCCGTAATGCGG","P3_YF",15532,3693,4.59052279165594,0,0,3,3,"P3_YF_GAGACCCGTAATGCGG","CB_GAGACCCGTAATGCGG-1","GAGACCCGTAATGCGG-1","Mac/Mono","P3_YF","cluster_1"
"P3_YF_GAGACTTTCCATTGTT","P3_YF",23905,4312,3.97824722861326,0,0,4,4,"P3_YF_GAGACTTTCCATTGTT","CB_GAGACTTTCCATTGTT-1","GAGACTTTCCATTGTT-1","Mac/Mono","P3_YF","cluster_1"
"P3_YF_GAGCCTGGTCGTACAT","P3_YF",6712,2435,6.51072705601907,0,0,4,4,"P3_YF_GAGCCTGGTCGTACAT","CB_GAGCCTGGTCGTACAT-1","GAGCCTGGTCGTACAT-1","Mac/Mono","P3_YF","cluster_1"
"P3_YF_GAGCCTGGTGGTAATA","P3_YF",9606,2335,2.02998126171143,0,0,3,3,"P3_YF_GAGCCTGGTGGTAATA","CB_GAGCCTGGTGGTAATA-1","GAGCCTGGTGGTAATA-1","Mac/Mono","P3_YF","cluster_1"
"P3_YF_GAGTTGTAGCAGGCAT","P3_YF",12992,3456,0.177032019704433,0,0,4,4,"P3_YF_GAGTTGTAGCAGGCAT","CB_GAGTTGTAGCAGGCAT-1","GAGTTGTAGCAGGCAT-1","Mac/Mono","P3_YF","cluster_1"
"P3_YF_GATAGAAGTCTTGAGT","P3_YF",11564,3224,7.73953649256313,0,0,3,3,"P3_YF_GATAGAAGTCTTGAGT","CB_GATAGAAGTCTTGAGT-1","GATAGAAGTCTTGAGT-1","Mac/Mono","P3_YF","cluster_1"
"P3_YF_GATCCCTTCTGTCCGT","P3_YF",14326,3727,2.77118525757364,0,0,4,4,"P3_YF_GATCCCTTCTGTCCGT","CB_GATCCCTTCTGTCCGT-1","GATCCCTTCTGTCCGT-1","Mac/Mono","P3_YF","cluster_1"
"P3_YF_GATCGTACATGTTCAG","P3_YF",12090,2975,4.48304383788255,0,0,3,3,"P3_YF_GATCGTACATGTTCAG","CB_GATCGTACATGTTCAG-1","GATCGTACATGTTCAG-1","Mac/Mono","P3_YF","cluster_1"
"P3_YF_GATGCTAGTGAAAGTT","P3_YF",10188,2965,0.431880643894778,0,0,4,4,"P3_YF_GATGCTAGTGAAAGTT","CB_GATGCTAGTGAAAGTT-1","GATGCTAGTGAAAGTT-1","Mac/Mono","P3_YF","cluster_1"
"P3_YF_GCACATAAGTGGAAAG","P3_YF",16674,3902,3.62840350245892,0,0,4,4,"P3_YF_GCACATAAGTGGAAAG","CB_GCACATAAGTGGAAAG-1","GCACATAAGTGGAAAG-1","Mac/Mono","P3_YF","cluster_1"
"P3_YF_GCATCTCTCTTAGCCC","P3_YF",6056,1958,4.01254953764861,0,0,3,3,"P3_YF_GCATCTCTCTTAGCCC","CB_GCATCTCTCTTAGCCC-1","GCATCTCTCTTAGCCC-1","Mac/Mono","P3_YF","cluster_1"
"P3_YF_GCCAACGCAGCATCTA","P3_YF",17573,4265,3.78421441984863,0,0,4,4,"P3_YF_GCCAACGCAGCATCTA","CB_GCCAACGCAGCATCTA-1","GCCAACGCAGCATCTA-1","Mac/Mono","P3_YF","cluster_1"
"P3_YF_GCCAGCAAGTACGAGC","P3_YF",13976,2953,2.48998282770464,0,0,3,3,"P3_YF_GCCAGCAAGTACGAGC","CB_GCCAGCAAGTACGAGC-1","GCCAGCAAGTACGAGC-1","Mac/Mono","P3_YF","cluster_1"
"P3_YF_GCCAGGTCAAGGCGTA","P3_YF",7165,2278,9.50453593859037,0,0,4,4,"P3_YF_GCCAGGTCAAGGCGTA","CB_GCCAGGTCAAGGCGTA-1","GCCAGGTCAAGGCGTA-1","Mac/Mono","P3_YF","cluster_1"
"P3_YF_GCCCGAACAACCGCCA","P3_YF",18085,3994,0.917887752280896,0,0,4,4,"P3_YF_GCCCGAACAACCGCCA","CB_GCCCGAACAACCGCCA-1","GCCCGAACAACCGCCA-1","Mac/Mono","P3_YF","cluster_1"
"P3_YF_GCCGTGATCCCAGCGA","P3_YF",14755,3523,12.0162656726533,0,0,4,4,"P3_YF_GCCGTGATCCCAGCGA","CB_GCCGTGATCCCAGCGA-1","GCCGTGATCCCAGCGA-1","Mac/Mono","P3_YF","cluster_1"
"P3_YF_GCCTGTTTCATTCATC","P3_YF",15239,3908,4.94783122252116,0,0,4,4,"P3_YF_GCCTGTTTCATTCATC","CB_GCCTGTTTCATTCATC-1","GCCTGTTTCATTCATC-1","Mac/Mono","P3_YF","cluster_1"
"P3_YF_GCGTTTCGTTCTCCCA","P3_YF",13808,3373,6.08342989571263,0,0,3,3,"P3_YF_GCGTTTCGTTCTCCCA","CB_GCGTTTCGTTCTCCCA-1","GCGTTTCGTTCTCCCA-1","Mac/Mono","P3_YF","cluster_1"
"P3_YF_GCTACCTTCATCGTAG","P3_YF",21635,4381,3.85948694245436,0,0,4,4,"P3_YF_GCTACCTTCATCGTAG","CB_GCTACCTTCATCGTAG-1","GCTACCTTCATCGTAG-1","Mac/Mono","P3_YF","cluster_1"
"P3_YF_GCTGGGTGTGGCCCAT","P3_YF",7488,2322,5.50213675213675,0,0,4,4,"P3_YF_GCTGGGTGTGGCCCAT","CB_GCTGGGTGTGGCCCAT-1","GCTGGGTGTGGCCCAT-1","Mac/Mono","P3_YF","cluster_1"
"P3_YF_GGAGCAACACCAAATC","P3_YF",18799,4517,4.80344699186127,0,0,4,4,"P3_YF_GGAGCAACACCAAATC","CB_GGAGCAACACCAAATC-1","GGAGCAACACCAAATC-1","Mac/Mono","P3_YF","cluster_1"
"P3_YF_GGAGGATCAGAGGTTG","P3_YF",7930,2187,13.3291298865069,0,0,4,4,"P3_YF_GGAGGATCAGAGGTTG","CB_GGAGGATCAGAGGTTG-1","GGAGGATCAGAGGTTG-1","Mac/Mono","P3_YF","cluster_1"
"P3_YF_GGCGTCAAGTAAACTG","P3_YF",16885,3687,2.95528575658869,0,0,4,4,"P3_YF_GGCGTCAAGTAAACTG","CB_GGCGTCAAGTAAACTG-1","GGCGTCAAGTAAACTG-1","Mac/Mono","P3_YF","cluster_1"
"P3_YF_GGCTGTGCAAGAGATT","P3_YF",10068,2949,4.08224076281287,0,0,4,4,"P3_YF_GGCTGTGCAAGAGATT","CB_GGCTGTGCAAGAGATT-1","GGCTGTGCAAGAGATT-1","Mac/Mono","P3_YF","cluster_1"
"P3_YF_GGCTGTGTCATTCGGA","P3_YF",12031,2945,2.83434460975813,0,0,4,4,"P3_YF_GGCTGTGTCATTCGGA","CB_GGCTGTGTCATTCGGA-1","GGCTGTGTCATTCGGA-1","Mac/Mono","P3_YF","cluster_1"
"P3_YF_GGCTTTCCAATTCGTG","P3_YF",21559,4426,8.60893362400853,0,0,4,4,"P3_YF_GGCTTTCCAATTCGTG","CB_GGCTTTCCAATTCGTG-1","GGCTTTCCAATTCGTG-1","Mac/Mono","P3_YF","cluster_1"
"P3_YF_GGGACCTCAAGAGTGC","P3_YF",7821,2544,7.44150364403529,0,0,4,4,"P3_YF_GGGACCTCAAGAGTGC","CB_GGGACCTCAAGAGTGC-1","GGGACCTCAAGAGTGC-1","Mac/Mono","P3_YF","cluster_1"
"P3_YF_GGGAGATGTGTCCTAA","P3_YF",20735,4608,4.68772606703641,0,0,4,4,"P3_YF_GGGAGATGTGTCCTAA","CB_GGGAGATGTGTCCTAA-1","GGGAGATGTGTCCTAA-1","Mac/Mono","P3_YF","cluster_1"
"P3_YF_GGGATGAGTCGACTGC","P3_YF",8541,2651,3.36026226437185,0,0,4,4,"P3_YF_GGGATGAGTCGACTGC","CB_GGGATGAGTCGACTGC-1","GGGATGAGTCGACTGC-1","Mac/Mono","P3_YF","cluster_1"
"P3_YF_GGGCTCACAATGGCAG","P3_YF",11237,2973,2.32268399038889,0,0,4,4,"P3_YF_GGGCTCACAATGGCAG","CB_GGGCTCACAATGGCAG-1","GGGCTCACAATGGCAG-1","Mac/Mono","P3_YF","cluster_1"
"P3_YF_GGGTAGATCCTACCGT","P3_YF",7321,2381,9.83472203250922,0,0,3,3,"P3_YF_GGGTAGATCCTACCGT","CB_GGGTAGATCCTACCGT-1","GGGTAGATCCTACCGT-1","Mac/Mono","P3_YF","cluster_1"
"P3_YF_GGGTCACAGTGAACAT","P3_YF",24611,4892,5.92418024460607,0,0,4,4,"P3_YF_GGGTCACAGTGAACAT","CB_GGGTCACAGTGAACAT-1","GGGTCACAGTGAACAT-1","Mac/Mono","P3_YF","cluster_1"
"P3_YF_GGGTGAACAATTGCTG","P3_YF",11586,3498,12.4374244778181,0,0,4,4,"P3_YF_GGGTGAACAATTGCTG","CB_GGGTGAACAATTGCTG-1","GGGTGAACAATTGCTG-1","Mac/Mono","P3_YF","cluster_1"
"P3_YF_GGGTGAAGTATCGTAC","P3_YF",9975,3235,3.84962406015038,0,0,4,4,"P3_YF_GGGTGAAGTATCGTAC","CB_GGGTGAAGTATCGTAC-1","GGGTGAAGTATCGTAC-1","Mac/Mono","P3_YF","cluster_1"
"P3_YF_GGTAATCAGCCAGAGT","P3_YF",13378,3346,1.39781731200478,0,0,4,4,"P3_YF_GGTAATCAGCCAGAGT","CB_GGTAATCAGCCAGAGT-1","GGTAATCAGCCAGAGT-1","Mac/Mono","P3_YF","cluster_1"
"P3_YF_GGTGAAGAGGTTCTTG","P3_YF",9089,2514,4.87402354494444,0,0,3,3,"P3_YF_GGTGAAGAGGTTCTTG","CB_GGTGAAGAGGTTCTTG-1","GGTGAAGAGGTTCTTG-1","Mac/Mono","P3_YF","cluster_1"
"P3_YF_GGTGAAGCAGAAGCTG","P3_YF",7764,2183,10.3039670273055,0,0,3,3,"P3_YF_GGTGAAGCAGAAGCTG","CB_GGTGAAGCAGAAGCTG-1","GGTGAAGCAGAAGCTG-1","Mac/Mono","P3_YF","cluster_1"
"P3_YF_GGTGATTTCAACCGAT","P3_YF",16148,3827,2.79910824869953,0,0,4,4,"P3_YF_GGTGATTTCAACCGAT","CB_GGTGATTTCAACCGAT-1","GGTGATTTCAACCGAT-1","Mac/Mono","P3_YF","cluster_1"
"P3_YF_GGTGTCGGTAGCTCGC","P3_YF",11681,2421,5.86422395342864,0,0,3,3,"P3_YF_GGTGTCGGTAGCTCGC","CB_GGTGTCGGTAGCTCGC-1","GGTGTCGGTAGCTCGC-1","Mac/Mono","P3_YF","cluster_1"
"P3_YF_GGTGTTATCGACATAC","P3_YF",4919,1822,9.81906891644643,0,0,3,3,"P3_YF_GGTGTTATCGACATAC","CB_GGTGTTATCGACATAC-1","GGTGTTATCGACATAC-1","Mac/Mono","P3_YF","cluster_1"
"P3_YF_GTAATCGCAGTCTACA","P3_YF",24543,4553,5.62278450067229,0,0,4,4,"P3_YF_GTAATCGCAGTCTACA","CB_GTAATCGCAGTCTACA-1","GTAATCGCAGTCTACA-1","Mac/Mono","P3_YF","cluster_1"
"P3_YF_GTACAACAGACGGTCA","P3_YF",13304,3856,4.43475646422129,0,0,4,4,"P3_YF_GTACAACAGACGGTCA","CB_GTACAACAGACGGTCA-1","GTACAACAGACGGTCA-1","Mac/Mono","P3_YF","cluster_1"
"P3_YF_GTAGAAACACTAACCA","P3_YF",11395,2689,2.141290039491,0,0,3,3,"P3_YF_GTAGAAACACTAACCA","CB_GTAGAAACACTAACCA-1","GTAGAAACACTAACCA-1","Mac/Mono","P3_YF","cluster_1"
"P3_YF_GTAGAGGCAGTTAAAG","P3_YF",17106,3989,3.89337074710628,0,0,4,4,"P3_YF_GTAGAGGCAGTTAAAG","CB_GTAGAGGCAGTTAAAG-1","GTAGAGGCAGTTAAAG-1","Mac/Mono","P3_YF","cluster_1"
"P3_YF_GTAGATCTCGTAGAGG","P3_YF",14369,3382,6.04078223954346,0,0,3,3,"P3_YF_GTAGATCTCGTAGAGG","CB_GTAGATCTCGTAGAGG-1","GTAGATCTCGTAGAGG-1","Mac/Mono","P3_YF","cluster_1"
"P3_YF_GTAGCTAGTTTGGGAG","P3_YF",17891,3925,9.90442121737186,0,0,3,3,"P3_YF_GTAGCTAGTTTGGGAG","CB_GTAGCTAGTTTGGGAG-1","GTAGCTAGTTTGGGAG-1","Mac/Mono","P3_YF","cluster_1"
"P3_YF_GTAGGAGTCGAAATCC","P3_YF",28106,4406,3.49391588984558,0,0,3,3,"P3_YF_GTAGGAGTCGAAATCC","CB_GTAGGAGTCGAAATCC-1","GTAGGAGTCGAAATCC-1","Mac/Mono","P3_YF","cluster_1"
"P3_YF_GTATTGGCATGAATCC","P3_YF",12026,2778,5.23864959254948,0,0,3,3,"P3_YF_GTATTGGCATGAATCC","CB_GTATTGGCATGAATCC-1","GTATTGGCATGAATCC-1","Mac/Mono","P3_YF","cluster_1"
"P3_YF_GTCACGGTCTTACTGT","P3_YF",12948,3886,7.50695088044486,0,0,3,3,"P3_YF_GTCACGGTCTTACTGT","CB_GTCACGGTCTTACTGT-1","GTCACGGTCTTACTGT-1","Mac/Mono","P3_YF","cluster_1"
"P3_YF_GTCAGCGTCACCGCTT","P3_YF",17572,3953,3.89255633963123,0,0,3,3,"P3_YF_GTCAGCGTCACCGCTT","CB_GTCAGCGTCACCGCTT-1","GTCAGCGTCACCGCTT-1","Mac/Mono","P3_YF","cluster_1"
"P3_YF_GTCATCCGTAGTGGCA","P3_YF",6265,2028,11.6201117318436,0,0,3,3,"P3_YF_GTCATCCGTAGTGGCA","CB_GTCATCCGTAGTGGCA-1","GTCATCCGTAGTGGCA-1","Mac/Mono","P3_YF","cluster_1"
"P3_YF_GTCATGATCAACGAGG","P3_YF",13801,2876,2.44185203970727,0,0,3,3,"P3_YF_GTCATGATCAACGAGG","CB_GTCATGATCAACGAGG-1","GTCATGATCAACGAGG-1","Mac/Mono","P3_YF","cluster_1"
"P3_YF_GTCCTCAAGACGTCCC","P3_YF",11895,3220,5.92686002522068,0,0,4,4,"P3_YF_GTCCTCAAGACGTCCC","CB_GTCCTCAAGACGTCCC-1","GTCCTCAAGACGTCCC-1","Mac/Mono","P3_YF","cluster_1"
"P3_YF_GTCCTCAAGAGCTGAC","P3_YF",16301,3651,5.57021041653886,0,0,3,3,"P3_YF_GTCCTCAAGAGCTGAC","CB_GTCCTCAAGAGCTGAC-1","GTCCTCAAGAGCTGAC-1","Mac/Mono","P3_YF","cluster_1"
"P3_YF_GTCGAATGTATGAGGC","P3_YF",15443,3420,4.41624036780418,0,0,3,3,"P3_YF_GTCGAATGTATGAGGC","CB_GTCGAATGTATGAGGC-1","GTCGAATGTATGAGGC-1","Mac/Mono","P3_YF","cluster_1"
"P3_YF_GTCGTTCGTAGGCTGA","P3_YF",10901,2802,3.74277589211999,0,0,4,4,"P3_YF_GTCGTTCGTAGGCTGA","CB_GTCGTTCGTAGGCTGA-1","GTCGTTCGTAGGCTGA-1","Mac/Mono","P3_YF","cluster_1"
"P3_YF_GTCTACCCACCGTGAC","P3_YF",13082,3424,12.0623757835193,0,0,4,4,"P3_YF_GTCTACCCACCGTGAC","CB_GTCTACCCACCGTGAC-1","GTCTACCCACCGTGAC-1","Mac/Mono","P3_YF","cluster_1"
"P3_YF_GTCTGTCCATCACAGT","P3_YF",11800,3250,4.01694915254237,0,0,4,4,"P3_YF_GTCTGTCCATCACAGT","CB_GTCTGTCCATCACAGT-1","GTCTGTCCATCACAGT-1","Mac/Mono","P3_YF","cluster_1"
"P3_YF_GTGAGCCAGTGATAAC","P3_YF",13758,3520,2.64573339148132,0,0,3,3,"P3_YF_GTGAGCCAGTGATAAC","CB_GTGAGCCAGTGATAAC-1","GTGAGCCAGTGATAAC-1","Mac/Mono","P3_YF","cluster_1"
"P3_YF_GTGATGTCATAATGAG","P3_YF",10519,2532,5.54235193459454,0,0,3,3,"P3_YF_GTGATGTCATAATGAG","CB_GTGATGTCATAATGAG-1","GTGATGTCATAATGAG-1","Mac/Mono","P3_YF","cluster_1"
"P3_YF_GTGCTGGAGGATGCGT","P3_YF",8373,2513,1.87507464469127,0,0,4,4,"P3_YF_GTGCTGGAGGATGCGT","CB_GTGCTGGAGGATGCGT-1","GTGCTGGAGGATGCGT-1","Mac/Mono","P3_YF","cluster_1"
"P3_YF_GTGGAGAAGGAGTCTG","P3_YF",16252,3831,2.32586758552794,0,0,4,4,"P3_YF_GTGGAGAAGGAGTCTG","CB_GTGGAGAAGGAGTCTG-1","GTGGAGAAGGAGTCTG-1","Mac/Mono","P3_YF","cluster_1"
"P3_YF_GTGTCCTTCATTTCGT","P3_YF",7461,2472,5.06634499396864,0,0,4,4,"P3_YF_GTGTCCTTCATTTCGT","CB_GTGTCCTTCATTTCGT-1","GTGTCCTTCATTTCGT-1","Mac/Mono","P3_YF","cluster_1"
"P3_YF_GTGTGATAGCTGAGCA","P3_YF",9626,3141,3.79181383752337,0,0,4,4,"P3_YF_GTGTGATAGCTGAGCA","CB_GTGTGATAGCTGAGCA-1","GTGTGATAGCTGAGCA-1","Mac/Mono","P3_YF","cluster_1"
"P3_YF_GTGTGGCAGCTTAAGA","P3_YF",20108,3467,0.0596777402029043,0,0,3,3,"P3_YF_GTGTGGCAGCTTAAGA","CB_GTGTGGCAGCTTAAGA-1","GTGTGGCAGCTTAAGA-1","Mac/Mono","P3_YF","cluster_1"
"P3_YF_GTTACCCAGGATTTAG","P3_YF",8419,2791,6.59223185651503,0,0,4,4,"P3_YF_GTTACCCAGGATTTAG","CB_GTTACCCAGGATTTAG-1","GTTACCCAGGATTTAG-1","Mac/Mono","P3_YF","cluster_1"
"P3_YF_GTTAGACCAGGTATGG","P3_YF",12256,2561,4.85476501305483,0,0,3,3,"P3_YF_GTTAGACCAGGTATGG","CB_GTTAGACCAGGTATGG-1","GTTAGACCAGGTATGG-1","Mac/Mono","P3_YF","cluster_1"
"P3_YF_GTTCGCTTCACCACAA","P3_YF",9117,2951,9.37808489634748,0,0,3,3,"P3_YF_GTTCGCTTCACCACAA","CB_GTTCGCTTCACCACAA-1","GTTCGCTTCACCACAA-1","Mac/Mono","P3_YF","cluster_1"
"P3_YF_GTTCTATGTAAGAACT","P3_YF",7858,2323,4.46678544158819,0,0,4,4,"P3_YF_GTTCTATGTAAGAACT","CB_GTTCTATGTAAGAACT-1","GTTCTATGTAAGAACT-1","Mac/Mono","P3_YF","cluster_1"
"P3_YF_GTTGCTCCATGACTCA","P3_YF",11935,3122,7.13866778382907,0,0,4,4,"P3_YF_GTTGCTCCATGACTCA","CB_GTTGCTCCATGACTCA-1","GTTGCTCCATGACTCA-1","Mac/Mono","P3_YF","cluster_1"
"P3_YF_GTTGCTCGTCGATTTG","P3_YF",17333,4557,2.99428835169907,0,0,4,4,"P3_YF_GTTGCTCGTCGATTTG","CB_GTTGCTCGTCGATTTG-1","GTTGCTCGTCGATTTG-1","Mac/Mono","P3_YF","cluster_1"
"P3_YF_GTTGTCCTCTTCGATT","P3_YF",14457,3245,4.15023863872173,0,0,3,3,"P3_YF_GTTGTCCTCTTCGATT","CB_GTTGTCCTCTTCGATT-1","GTTGTCCTCTTCGATT-1","Mac/Mono","P3_YF","cluster_1"
"P3_YF_TAACCAGAGAAAGCGA","P3_YF",15309,3586,2.05108106342674,0,0,4,4,"P3_YF_TAACCAGAGAAAGCGA","CB_TAACCAGAGAAAGCGA-1","TAACCAGAGAAAGCGA-1","Mac/Mono","P3_YF","cluster_1"
"P3_YF_TACAACGCAGTTGAAA","P3_YF",24952,4703,4.24815646040398,0,0,3,3,"P3_YF_TACAACGCAGTTGAAA","CB_TACAACGCAGTTGAAA-1","TACAACGCAGTTGAAA-1","Mac/Mono","P3_YF","cluster_1"
"P3_YF_TACCCACTCTCAACGA","P3_YF",15061,3136,6.82557599097006,0,0,4,4,"P3_YF_TACCCACTCTCAACGA","CB_TACCCACTCTCAACGA-1","TACCCACTCTCAACGA-1","Mac/Mono","P3_YF","cluster_1"
"P3_YF_TACCGAAAGATTAGAC","P3_YF",12697,3099,6.51334961014413,0,0,4,4,"P3_YF_TACCGAAAGATTAGAC","CB_TACCGAAAGATTAGAC-1","TACCGAAAGATTAGAC-1","Mac/Mono","P3_YF","cluster_1"
"P3_YF_TACGGTATCCACTAGA","P3_YF",12317,3384,1.6724851830803,0,0,3,3,"P3_YF_TACGGTATCCACTAGA","CB_TACGGTATCCACTAGA-1","TACGGTATCCACTAGA-1","Mac/Mono","P3_YF","cluster_1"
"P3_YF_TACTTACCAGACACAG","P3_YF",19121,3710,1.40683018670572,0,0,3,3,"P3_YF_TACTTACCAGACACAG","CB_TACTTACCAGACACAG-1","TACTTACCAGACACAG-1","Mac/Mono","P3_YF","cluster_1"
"P3_YF_TACTTGTGTAGTCACT","P3_YF",6124,1844,3.02090137165251,0,0,3,3,"P3_YF_TACTTGTGTAGTCACT","CB_TACTTGTGTAGTCACT-1","TACTTGTGTAGTCACT-1","Mac/Mono","P3_YF","cluster_1"
"P3_YF_TAGACCATCTACACAG","P3_YF",8751,2444,1.43983544737744,0,0,4,4,"P3_YF_TAGACCATCTACACAG","CB_TAGACCATCTACACAG-1","TAGACCATCTACACAG-1","Mac/Mono","P3_YF","cluster_1"
"P3_YF_TAGACCATCTTCACAT","P3_YF",15159,3533,5.02671680189986,0,0,3,3,"P3_YF_TAGACCATCTTCACAT","CB_TAGACCATCTTCACAT-1","TAGACCATCTTCACAT-1","Mac/Mono","P3_YF","cluster_1"
"P3_YF_TAGAGTCCACACTTAG","P3_YF",11688,3027,4.32067077344285,0,0,4,4,"P3_YF_TAGAGTCCACACTTAG","CB_TAGAGTCCACACTTAG-1","TAGAGTCCACACTTAG-1","Mac/Mono","P3_YF","cluster_1"
"P3_YF_TAGCACATCATAAGGA","P3_YF",16151,3907,3.72113181846325,0,0,3,3,"P3_YF_TAGCACATCATAAGGA","CB_TAGCACATCATAAGGA-1","TAGCACATCATAAGGA-1","Mac/Mono","P3_YF","cluster_1"
"P3_YF_TAGTGCATCACTTTGT","P3_YF",8452,2418,7.70231897775674,0,0,3,3,"P3_YF_TAGTGCATCACTTTGT","CB_TAGTGCATCACTTTGT-1","TAGTGCATCACTTTGT-1","Mac/Mono","P3_YF","cluster_1"
"P3_YF_TATCAGGGTACTTGTG","P3_YF",8954,2326,5.56176010721465,0,0,3,3,"P3_YF_TATCAGGGTACTTGTG","CB_TATCAGGGTACTTGTG-1","TATCAGGGTACTTGTG-1","Mac/Mono","P3_YF","cluster_1"
"P3_YF_TATCAGGTCTTCTGGC","P3_YF",17097,3842,5.2757793764988,0,0,4,4,"P3_YF_TATCAGGTCTTCTGGC","CB_TATCAGGTCTTCTGGC-1","TATCAGGTCTTCTGGC-1","Mac/Mono","P3_YF","cluster_1"
"P3_YF_TATCTGTCAGTTACCA","P3_YF",16373,4293,3.41415745434557,0,0,4,4,"P3_YF_TATCTGTCAGTTACCA","CB_TATCTGTCAGTTACCA-1","TATCTGTCAGTTACCA-1","Mac/Mono","P3_YF","cluster_1"
"P3_YF_TATCTTGGTTGCGTAT","P3_YF",20735,4272,8.76778394019773,0,0,4,4,"P3_YF_TATCTTGGTTGCGTAT","CB_TATCTTGGTTGCGTAT-1","TATCTTGGTTGCGTAT-1","Mac/Mono","P3_YF","cluster_1"
"P3_YF_TATTGCTTCAGTCATG","P3_YF",10133,2555,5.36859765123853,0,0,4,4,"P3_YF_TATTGCTTCAGTCATG","CB_TATTGCTTCAGTCATG-1","TATTGCTTCAGTCATG-1","Mac/Mono","P3_YF","cluster_1"
"P3_YF_TCAATCTCATGTGCCG","P3_YF",16813,3726,4.10991494676738,0,0,4,4,"P3_YF_TCAATCTCATGTGCCG","CB_TCAATCTCATGTGCCG-1","TCAATCTCATGTGCCG-1","Mac/Mono","P3_YF","cluster_1"
"P3_YF_TCAATTCAGCGAGTCA","P3_YF",11214,2706,3.85232744783307,0,0,3,3,"P3_YF_TCAATTCAGCGAGTCA","CB_TCAATTCAGCGAGTCA-1","TCAATTCAGCGAGTCA-1","Mac/Mono","P3_YF","cluster_1"
"P3_YF_TCAATTCAGGGCGAAG","P3_YF",8478,2729,4.65911771644256,0,0,4,4,"P3_YF_TCAATTCAGGGCGAAG","CB_TCAATTCAGGGCGAAG-1","TCAATTCAGGGCGAAG-1","Mac/Mono","P3_YF","cluster_1"
"P3_YF_TCACGCTGTAGCTTTG","P3_YF",6271,2348,7.44697815340456,0,0,4,4,"P3_YF_TCACGCTGTAGCTTTG","CB_TCACGCTGTAGCTTTG-1","TCACGCTGTAGCTTTG-1","Mac/Mono","P3_YF","cluster_1"
"P3_YF_TCAGGGCGTCCGGCAT","P3_YF",22062,4091,1.95811803100354,0,0,3,3,"P3_YF_TCAGGGCGTCCGGCAT","CB_TCAGGGCGTCCGGCAT-1","TCAGGGCGTCCGGCAT-1","Mac/Mono","P3_YF","cluster_1"
"P3_YF_TCAGTGATCTTCCACG","P3_YF",17800,3163,3.15730337078652,0,0,3,3,"P3_YF_TCAGTGATCTTCCACG","CB_TCAGTGATCTTCCACG-1","TCAGTGATCTTCCACG-1","Mac/Mono","P3_YF","cluster_1"
"P3_YF_TCAGTTTCACGACGTC","P3_YF",11521,2710,4.31386164395452,0,0,3,3,"P3_YF_TCAGTTTCACGACGTC","CB_TCAGTTTCACGACGTC-1","TCAGTTTCACGACGTC-1","Mac/Mono","P3_YF","cluster_1"
"P3_YF_TCATATCCATGTACGT","P3_YF",25118,4859,2.99386893860976,0,0,4,4,"P3_YF_TCATATCCATGTACGT","CB_TCATATCCATGTACGT-1","TCATATCCATGTACGT-1","Mac/Mono","P3_YF","cluster_1"
"P3_YF_TCATCCGCATGAGAAT","P3_YF",28018,4357,1.85238061246342,0,0,4,4,"P3_YF_TCATCCGCATGAGAAT","CB_TCATCCGCATGAGAAT-1","TCATCCGCATGAGAAT-1","Mac/Mono","P3_YF","cluster_1"
"P3_YF_TCATGTTTCCCGTGAG","P3_YF",19066,4057,2.57526486940103,0,0,4,4,"P3_YF_TCATGTTTCCCGTGAG","CB_TCATGTTTCCCGTGAG-1","TCATGTTTCCCGTGAG-1","Mac/Mono","P3_YF","cluster_1"
"P3_YF_TCATTCACAATTGCTG","P3_YF",8649,2741,3.05237599722511,0,0,3,3,"P3_YF_TCATTCACAATTGCTG","CB_TCATTCACAATTGCTG-1","TCATTCACAATTGCTG-1","Mac/Mono","P3_YF","cluster_1"
"P3_YF_TCCAGAACATTGCAAC","P3_YF",7464,2531,15.3001071811361,0,0,4,4,"P3_YF_TCCAGAACATTGCAAC","CB_TCCAGAACATTGCAAC-1","TCCAGAACATTGCAAC-1","Mac/Mono","P3_YF","cluster_1"
"P3_YF_TCCATGCGTGAACTAA","P3_YF",17618,3236,10.8695652173913,0,0,3,3,"P3_YF_TCCATGCGTGAACTAA","CB_TCCATGCGTGAACTAA-1","TCCATGCGTGAACTAA-1","Mac/Mono","P3_YF","cluster_1"
"P3_YF_TCCGGGATCATCGTAG","P3_YF",12102,2833,1.00809783506858,0,0,3,3,"P3_YF_TCCGGGATCATCGTAG","CB_TCCGGGATCATCGTAG-1","TCCGGGATCATCGTAG-1","Mac/Mono","P3_YF","cluster_1"
"P3_YF_TCCTTCTAGGTAGTAT","P3_YF",13271,3547,6.25423856529274,0,0,4,4,"P3_YF_TCCTTCTAGGTAGTAT","CB_TCCTTCTAGGTAGTAT-1","TCCTTCTAGGTAGTAT-1","Mac/Mono","P3_YF","cluster_1"
"P3_YF_TCCTTTCAGCGTTACT","P3_YF",10092,2537,0.574712643678161,0,0,3,3,"P3_YF_TCCTTTCAGCGTTACT","CB_TCCTTTCAGCGTTACT-1","TCCTTTCAGCGTTACT-1","Mac/Mono","P3_YF","cluster_1"
"P3_YF_TCGAAGTCAGGACGAT","P3_YF",12715,3089,1.54148643334644,0,0,4,4,"P3_YF_TCGAAGTCAGGACGAT","CB_TCGAAGTCAGGACGAT-1","TCGAAGTCAGGACGAT-1","Mac/Mono","P3_YF","cluster_1"
"P3_YF_TCGACCTCAATGGGTG","P3_YF",27062,4557,2.46840588278767,0,0,4,4,"P3_YF_TCGACCTCAATGGGTG","CB_TCGACCTCAATGGGTG-1","TCGACCTCAATGGGTG-1","Mac/Mono","P3_YF","cluster_1"
"P3_YF_TCGGGCAAGGCTAAAT","P3_YF",11264,2771,4.61647727272727,0,0,4,4,"P3_YF_TCGGGCAAGGCTAAAT","CB_TCGGGCAAGGCTAAAT-1","TCGGGCAAGGCTAAAT-1","Mac/Mono","P3_YF","cluster_1"
"P3_YF_TCTAACTCACGCTGTG","P3_YF",14989,3772,4.16972446460738,0,0,3,3,"P3_YF_TCTAACTCACGCTGTG","CB_TCTAACTCACGCTGTG-1","TCTAACTCACGCTGTG-1","Mac/Mono","P3_YF","cluster_1"
"P3_YF_TCTAACTCATGGAACG","P3_YF",7647,2580,0.143847260363541,0,0,3,3,"P3_YF_TCTAACTCATGGAACG","CB_TCTAACTCATGGAACG-1","TCTAACTCATGGAACG-1","Mac/Mono","P3_YF","cluster_1"
"P3_YF_TCTACCGTCCTCGATC","P3_YF",10637,2750,1.74861333082636,0,0,4,4,"P3_YF_TCTACCGTCCTCGATC","CB_TCTACCGTCCTCGATC-1","TCTACCGTCCTCGATC-1","Mac/Mono","P3_YF","cluster_1"
"P3_YF_TCTATACCAATTGGTC","P3_YF",19935,4309,3.24554803110108,0,0,3,3,"P3_YF_TCTATACCAATTGGTC","CB_TCTATACCAATTGGTC-1","TCTATACCAATTGGTC-1","Mac/Mono","P3_YF","cluster_1"
"P3_YF_TCTATCAGTAAGTTAG","P3_YF",9797,2651,4.66469327345106,0,0,4,4,"P3_YF_TCTATCAGTAAGTTAG","CB_TCTATCAGTAAGTTAG-1","TCTATCAGTAAGTTAG-1","Mac/Mono","P3_YF","cluster_1"
"P3_YF_TCTGGCTCAGCAGTTT","P3_YF",19049,3898,2.86104257441335,0,0,4,4,"P3_YF_TCTGGCTCAGCAGTTT","CB_TCTGGCTCAGCAGTTT-1","TCTGGCTCAGCAGTTT-1","Mac/Mono","P3_YF","cluster_1"
"P3_YF_TCTTCCTGTGTTGCCG","P3_YF",6755,2104,2.96076980014804,0,0,3,3,"P3_YF_TCTTCCTGTGTTGCCG","CB_TCTTCCTGTGTTGCCG-1","TCTTCCTGTGTTGCCG-1","Mac/Mono","P3_YF","cluster_1"
"P3_YF_TCTTGCGCATCCTTCG","P3_YF",12467,3567,3.52931739793054,0,0,3,3,"P3_YF_TCTTGCGCATCCTTCG","CB_TCTTGCGCATCCTTCG-1","TCTTGCGCATCCTTCG-1","Mac/Mono","P3_YF","cluster_1"
"P3_YF_TGAATCGCAAGGCAAC","P3_YF",15164,3105,6.2780269058296,0,0,3,3,"P3_YF_TGAATCGCAAGGCAAC","CB_TGAATCGCAAGGCAAC-1","TGAATCGCAAGGCAAC-1","Mac/Mono","P3_YF","cluster_1"
"P3_YF_TGAGACTCACTACCCT","P3_YF",9847,3146,6.54006296333909,0,0,4,4,"P3_YF_TGAGACTCACTACCCT","CB_TGAGACTCACTACCCT-1","TGAGACTCACTACCCT-1","Mac/Mono","P3_YF","cluster_1"
"P3_YF_TGAGGAGGTTCCTAGA","P3_YF",8715,2773,7.50430292598967,0,0,4,4,"P3_YF_TGAGGAGGTTCCTAGA","CB_TGAGGAGGTTCCTAGA-1","TGAGGAGGTTCCTAGA-1","Mac/Mono","P3_YF","cluster_1"
"P3_YF_TGAGGGAAGTTCCAGT","P3_YF",17956,3396,2.92381376698597,0,0,4,4,"P3_YF_TGAGGGAAGTTCCAGT","CB_TGAGGGAAGTTCCAGT-1","TGAGGGAAGTTCCAGT-1","Mac/Mono","P3_YF","cluster_1"
"P3_YF_TGAGGGAGTATAGCTC","P3_YF",8978,2914,5.76965916685231,0,0,4,4,"P3_YF_TGAGGGAGTATAGCTC","CB_TGAGGGAGTATAGCTC-1","TGAGGGAGTATAGCTC-1","Mac/Mono","P3_YF","cluster_1"
"P3_YF_TGAGGTTTCCTACCAC","P3_YF",13851,3577,3.4510143671937,0,0,3,3,"P3_YF_TGAGGTTTCCTACCAC","CB_TGAGGTTTCCTACCAC-1","TGAGGTTTCCTACCAC-1","Mac/Mono","P3_YF","cluster_1"
"P3_YF_TGATTCTTCCCTCTCC","P3_YF",11482,3248,4.20658421877722,0,0,4,4,"P3_YF_TGATTCTTCCCTCTCC","CB_TGATTCTTCCCTCTCC-1","TGATTCTTCCCTCTCC-1","Mac/Mono","P3_YF","cluster_1"
"P3_YF_TGCACGGCACAGTCCG","P3_YF",12704,3849,9.22544080604534,0,0,4,4,"P3_YF_TGCACGGCACAGTCCG","CB_TGCACGGCACAGTCCG-1","TGCACGGCACAGTCCG-1","Mac/Mono","P3_YF","cluster_1"
"P3_YF_TGCATCCGTTGATCGT","P3_YF",15349,3178,3.19890546615415,0,0,3,3,"P3_YF_TGCATCCGTTGATCGT","CB_TGCATCCGTTGATCGT-1","TGCATCCGTTGATCGT-1","Mac/Mono","P3_YF","cluster_1"
"P3_YF_TGCATCCTCGCCTTGT","P3_YF",9744,2994,4.10509031198686,0,0,3,3,"P3_YF_TGCATCCTCGCCTTGT","CB_TGCATCCTCGCCTTGT-1","TGCATCCTCGCCTTGT-1","Mac/Mono","P3_YF","cluster_1"
"P3_YF_TGCATGATCACTTCTA","P3_YF",14256,3074,0.673400673400673,0,0,3,3,"P3_YF_TGCATGATCACTTCTA","CB_TGCATGATCACTTCTA-1","TGCATGATCACTTCTA-1","Mac/Mono","P3_YF","cluster_1"
"P3_YF_TGCATGATCATGTCAG","P3_YF",8957,2858,6.78798704923523,0,0,4,4,"P3_YF_TGCATGATCATGTCAG","CB_TGCATGATCATGTCAG-1","TGCATGATCATGTCAG-1","Mac/Mono","P3_YF","cluster_1"
"P3_YF_TGCCGAGGTAATTGGA","P3_YF",18984,3584,3.24483775811209,0,0,3,3,"P3_YF_TGCCGAGGTAATTGGA","CB_TGCCGAGGTAATTGGA-1","TGCCGAGGTAATTGGA-1","Mac/Mono","P3_YF","cluster_1"
"P3_YF_TGCGACGAGCCAGACA","P3_YF",9023,3120,4.64368835198936,0,0,4,4,"P3_YF_TGCGACGAGCCAGACA","CB_TGCGACGAGCCAGACA-1","TGCGACGAGCCAGACA-1","Mac/Mono","P3_YF","cluster_1"
"P3_YF_TGCGACGGTGGCTTAT","P3_YF",18802,3699,4.6803531539198,0,0,4,4,"P3_YF_TGCGACGGTGGCTTAT","CB_TGCGACGGTGGCTTAT-1","TGCGACGGTGGCTTAT-1","Mac/Mono","P3_YF","cluster_1"
"P3_YF_TGCGGCATCTAAGCCA","P3_YF",20069,4755,3.43813842244257,0,0,4,4,"P3_YF_TGCGGCATCTAAGCCA","CB_TGCGGCATCTAAGCCA-1","TGCGGCATCTAAGCCA-1","Mac/Mono","P3_YF","cluster_1"
"P3_YF_TGCTCGTAGACTCTAC","P3_YF",19172,4119,2.36803672021698,0,0,3,3,"P3_YF_TGCTCGTAGACTCTAC","CB_TGCTCGTAGACTCTAC-1","TGCTCGTAGACTCTAC-1","Mac/Mono","P3_YF","cluster_1"
"P3_YF_TGCTTCGTCCACCCTA","P3_YF",19269,4081,4.77969796045462,0,0,4,4,"P3_YF_TGCTTCGTCCACCCTA","CB_TGCTTCGTCCACCCTA-1","TGCTTCGTCCACCCTA-1","Mac/Mono","P3_YF","cluster_1"
"P3_YF_TGCTTCGTCGAACCAT","P3_YF",15520,3159,3.80154639175258,0,0,3,3,"P3_YF_TGCTTCGTCGAACCAT","CB_TGCTTCGTCGAACCAT-1","TGCTTCGTCGAACCAT-1","Mac/Mono","P3_YF","cluster_1"
"P3_YF_TGGAGAGTCGAACGGA","P3_YF",10012,2619,7.42109468637635,0,0,4,4,"P3_YF_TGGAGAGTCGAACGGA","CB_TGGAGAGTCGAACGGA-1","TGGAGAGTCGAACGGA-1","Mac/Mono","P3_YF","cluster_1"
"P3_YF_TGGAGGAAGCGTATGG","P3_YF",16653,3224,4.68384074941452,0,0,3,3,"P3_YF_TGGAGGAAGCGTATGG","CB_TGGAGGAAGCGTATGG-1","TGGAGGAAGCGTATGG-1","Mac/Mono","P3_YF","cluster_1"
"P3_YF_TGGAGGAAGGATGCGT","P3_YF",13201,3217,4.32542989167487,0,0,4,4,"P3_YF_TGGAGGAAGGATGCGT","CB_TGGAGGAAGGATGCGT-1","TGGAGGAAGGATGCGT-1","Mac/Mono","P3_YF","cluster_1"
"P3_YF_TGGATCACATGGGAAC","P3_YF",9430,2921,3.40402969247084,0,0,4,4,"P3_YF_TGGATCACATGGGAAC","CB_TGGATCACATGGGAAC-1","TGGATCACATGGGAAC-1","Mac/Mono","P3_YF","cluster_1"
"P3_YF_TGGCGTGGTCAGGTAG","P3_YF",11764,2674,3.99523971438286,0,0,3,3,"P3_YF_TGGCGTGGTCAGGTAG","CB_TGGCGTGGTCAGGTAG-1","TGGCGTGGTCAGGTAG-1","Mac/Mono","P3_YF","cluster_1"
"P3_YF_TGGCGTGTCCGCCTAT","P3_YF",26532,4552,1.5189205487713,0,0,4,4,"P3_YF_TGGCGTGTCCGCCTAT","CB_TGGCGTGTCCGCCTAT-1","TGGCGTGTCCGCCTAT-1","Mac/Mono","P3_YF","cluster_1"
"P3_YF_TGGGAGAAGTAACCGG","P3_YF",10882,2729,3.32659437603382,0,0,3,3,"P3_YF_TGGGAGAAGTAACCGG","CB_TGGGAGAAGTAACCGG-1","TGGGAGAAGTAACCGG-1","Mac/Mono","P3_YF","cluster_1"
"P3_YF_TGTAAGCTCAGTGTGT","P3_YF",17539,4095,6.57392097611038,0,0,3,3,"P3_YF_TGTAAGCTCAGTGTGT","CB_TGTAAGCTCAGTGTGT-1","TGTAAGCTCAGTGTGT-1","Mac/Mono","P3_YF","cluster_1"
"P3_YF_TGTACAGAGGGTCTTT","P3_YF",15636,4168,4.2146328984395,0,0,3,3,"P3_YF_TGTACAGAGGGTCTTT","CB_TGTACAGAGGGTCTTT-1","TGTACAGAGGGTCTTT-1","Mac/Mono","P3_YF","cluster_1"
"P3_YF_TGTCCACGTTCGTACA","P3_YF",11334,3230,4.98500088230104,0,0,3,3,"P3_YF_TGTCCACGTTCGTACA","CB_TGTCCACGTTCGTACA-1","TGTCCACGTTCGTACA-1","Mac/Mono","P3_YF","cluster_1"
"P3_YF_TGTCCCAAGGACTTCT","P3_YF",11424,2996,9.92647058823529,0,0,4,4,"P3_YF_TGTCCCAAGGACTTCT","CB_TGTCCCAAGGACTTCT-1","TGTCCCAAGGACTTCT-1","Mac/Mono","P3_YF","cluster_1"
"P3_YF_TGTGATGGTAACCCGC","P3_YF",8887,2689,1.81163497243164,0,0,4,4,"P3_YF_TGTGATGGTAACCCGC","CB_TGTGATGGTAACCCGC-1","TGTGATGGTAACCCGC-1","Mac/Mono","P3_YF","cluster_1"
"P3_YF_TGTTACTTCACGATAC","P3_YF",10937,2500,3.63902349821706,0,0,4,4,"P3_YF_TGTTACTTCACGATAC","CB_TGTTACTTCACGATAC-1","TGTTACTTCACGATAC-1","Mac/Mono","P3_YF","cluster_1"
"P3_YF_TGTTCATCAGGAATCG","P3_YF",10092,2621,5.80657946888625,0,0,3,3,"P3_YF_TGTTCATCAGGAATCG","CB_TGTTCATCAGGAATCG-1","TGTTCATCAGGAATCG-1","Mac/Mono","P3_YF","cluster_1"
"P3_YF_TGTTCATGTCAACACT","P3_YF",20009,4538,3.63336498575641,0,0,4,4,"P3_YF_TGTTCATGTCAACACT","CB_TGTTCATGTCAACACT-1","TGTTCATGTCAACACT-1","Mac/Mono","P3_YF","cluster_1"
"P3_YF_TGTTGGATCACCTCGT","P3_YF",6874,2126,4.72796043060809,0,0,4,4,"P3_YF_TGTTGGATCACCTCGT","CB_TGTTGGATCACCTCGT-1","TGTTGGATCACCTCGT-1","Mac/Mono","P3_YF","cluster_1"
"P3_YF_TGTTTGTGTAGTATAG","P3_YF",12412,3255,7.3074444086368,0,0,3,3,"P3_YF_TGTTTGTGTAGTATAG","CB_TGTTTGTGTAGTATAG-1","TGTTTGTGTAGTATAG-1","Mac/Mono","P3_YF","cluster_1"
"P3_YF_TTACCATTCGAGTGAG","P3_YF",8301,2564,18.3471870858933,0,0,4,4,"P3_YF_TTACCATTCGAGTGAG","CB_TTACCATTCGAGTGAG-1","TTACCATTCGAGTGAG-1","Mac/Mono","P3_YF","cluster_1"
"P3_YF_TTACCGCTCGTTCCCA","P3_YF",7873,2476,3.17540962784199,0,0,4,4,"P3_YF_TTACCGCTCGTTCCCA","CB_TTACCGCTCGTTCCCA-1","TTACCGCTCGTTCCCA-1","Mac/Mono","P3_YF","cluster_1"
"P3_YF_TTACGCCGTCCAGTTA","P3_YF",10873,3569,2.70394555320519,0,0,4,4,"P3_YF_TTACGCCGTCCAGTTA","CB_TTACGCCGTCCAGTTA-1","TTACGCCGTCCAGTTA-1","Mac/Mono","P3_YF","cluster_1"
"P3_YF_TTACGTTAGCCTCTGG","P3_YF",12412,3015,7.12213986464712,0,0,4,4,"P3_YF_TTACGTTAGCCTCTGG","CB_TTACGTTAGCCTCTGG-1","TTACGTTAGCCTCTGG-1","Mac/Mono","P3_YF","cluster_1"
"P3_YF_TTAGGGTCAATGCAGG","P3_YF",14826,3370,4.06717927964387,0,0,4,4,"P3_YF_TTAGGGTCAATGCAGG","CB_TTAGGGTCAATGCAGG-1","TTAGGGTCAATGCAGG-1","Mac/Mono","P3_YF","cluster_1"
"P3_YF_TTCACGCAGGACTAAT","P3_YF",12423,3537,2.14118972872897,0,0,4,4,"P3_YF_TTCACGCAGGACTAAT","CB_TTCACGCAGGACTAAT-1","TTCACGCAGGACTAAT-1","Mac/Mono","P3_YF","cluster_1"
"P3_YF_TTCATGTGTGCCGTAC","P3_YF",16237,3570,3.35037260577693,0,0,4,4,"P3_YF_TTCATGTGTGCCGTAC","CB_TTCATGTGTGCCGTAC-1","TTCATGTGTGCCGTAC-1","Mac/Mono","P3_YF","cluster_1"
"P3_YF_TTCCACGAGTGGAATT","P3_YF",23885,4168,3.1065522294327,0,0,4,4,"P3_YF_TTCCACGAGTGGAATT","CB_TTCCACGAGTGGAATT-1","TTCCACGAGTGGAATT-1","Mac/Mono","P3_YF","cluster_1"
"P3_YF_TTCCACGGTCGACTGC","P3_YF",7082,2448,5.71872352442813,0,0,4,4,"P3_YF_TTCCACGGTCGACTGC","CB_TTCCACGGTCGACTGC-1","TTCCACGGTCGACTGC-1","Mac/Mono","P3_YF","cluster_1"
"P3_YF_TTCCTCTGTATCACGT","P3_YF",8961,2684,4.74277424394599,0,0,4,4,"P3_YF_TTCCTCTGTATCACGT","CB_TTCCTCTGTATCACGT-1","TTCCTCTGTATCACGT-1","Mac/Mono","P3_YF","cluster_1"
"P3_YF_TTCCTCTTCACCATCC","P3_YF",14861,3821,0.908418006863603,0,0,4,4,"P3_YF_TTCCTCTTCACCATCC","CB_TTCCTCTTCACCATCC-1","TTCCTCTTCACCATCC-1","Mac/Mono","P3_YF","cluster_1"
"P3_YF_TTGACCCCAGAGCTAG","P3_YF",6682,1838,2.52918287937743,0,0,3,3,"P3_YF_TTGACCCCAGAGCTAG","CB_TTGACCCCAGAGCTAG-1","TTGACCCCAGAGCTAG-1","Mac/Mono","P3_YF","cluster_1"
"P3_YF_TTGAGTGGTAGAATAC","P3_YF",10456,3441,14.3458301453711,0,0,4,4,"P3_YF_TTGAGTGGTAGAATAC","CB_TTGAGTGGTAGAATAC-1","TTGAGTGGTAGAATAC-1","Mac/Mono","P3_YF","cluster_1"
"P3_YF_TTGATGGCATTGCCTC","P3_YF",11785,2994,2.34196011879508,0,0,3,3,"P3_YF_TTGATGGCATTGCCTC","CB_TTGATGGCATTGCCTC-1","TTGATGGCATTGCCTC-1","Mac/Mono","P3_YF","cluster_1"
"P3_YF_TTGCGTCTCGCTTGAA","P3_YF",7731,1963,0.0776096235933256,0,0,3,3,"P3_YF_TTGCGTCTCGCTTGAA","CB_TTGCGTCTCGCTTGAA-1","TTGCGTCTCGCTTGAA-1","Mac/Mono","P3_YF","cluster_1"
"P3_YF_TTTACTGGTGGAGGTT","P3_YF",6350,1864,5.03937007874016,0,0,3,3,"P3_YF_TTTACTGGTGGAGGTT","CB_TTTACTGGTGGAGGTT-1","TTTACTGGTGGAGGTT-1","Mac/Mono","P3_YF","cluster_1"
"P3_YF_TTTAGTCCAGTCGGAA","P3_YF",16559,3645,5.8940757292107,0,0,4,4,"P3_YF_TTTAGTCCAGTCGGAA","CB_TTTAGTCCAGTCGGAA-1","TTTAGTCCAGTCGGAA-1","Mac/Mono","P3_YF","cluster_1"
"P3_YF_TTTCATGAGTCTACCA","P3_YF",21168,4009,0.973167044595616,0,0,3,3,"P3_YF_TTTCATGAGTCTACCA","CB_TTTCATGAGTCTACCA-1","TTTCATGAGTCTACCA-1","Mac/Mono","P3_YF","cluster_1"
"P3_YF_TTTCGATAGTGTTCCA","P3_YF",10807,2997,6.01462015360415,0,0,4,4,"P3_YF_TTTCGATAGTGTTCCA","CB_TTTCGATAGTGTTCCA-1","TTTCGATAGTGTTCCA-1","Mac/Mono","P3_YF","cluster_1"
"P3_YF_TTTCGATGTATCCCTC","P3_YF",10683,2688,1.31049330712347,0,0,4,4,"P3_YF_TTTCGATGTATCCCTC","CB_TTTCGATGTATCCCTC-1","TTTCGATGTATCCCTC-1","Mac/Mono","P3_YF","cluster_1"
"P3_YF_TTTGGAGAGTTACGAA","P3_YF",16225,3413,1.96610169491525,0,0,3,3,"P3_YF_TTTGGAGAGTTACGAA","CB_TTTGGAGAGTTACGAA-1","TTTGGAGAGTTACGAA-1","Mac/Mono","P3_YF","cluster_1"
"P3_YF_AGCCAATCAGCAAGAC","P3_YF",9904,2525,4.51332794830372,0,0,10,10,"P3_YF_AGCCAATCAGCAAGAC","CB_AGCCAATCAGCAAGAC-1","AGCCAATCAGCAAGAC-1","Mast_cell","P3_YF",NA
"P3_YF_CAATACGGTTTCGCTC","P3_YF",9978,2992,1.6937261976348,0,0,10,10,"P3_YF_CAATACGGTTTCGCTC","CB_CAATACGGTTTCGCTC-1","CAATACGGTTTCGCTC-1","Mast_cell","P3_YF","cluster_1"
"P3_YF_CATGAGTCAACACAGG","P3_YF",7160,2255,2.37430167597765,0,0,10,10,"P3_YF_CATGAGTCAACACAGG","CB_CATGAGTCAACACAGG-1","CATGAGTCAACACAGG-1","Mast_cell","P3_YF",NA
"P3_YF_CCTTGTGAGAAACCAT","P3_YF",10308,2637,5.3453628249903,0,0,10,10,"P3_YF_CCTTGTGAGAAACCAT","CB_CCTTGTGAGAAACCAT-1","CCTTGTGAGAAACCAT-1","Mast_cell","P3_YF",NA
"P3_YF_CTCCCTCGTTTACTGG","P3_YF",6457,2278,0.108409478085798,0,0,10,10,"P3_YF_CTCCCTCGTTTACTGG","CB_CTCCCTCGTTTACTGG-1","CTCCCTCGTTTACTGG-1","Mast_cell","P3_YF",NA
"P3_YF_CTGCCATCACATCCCT","P3_YF",9122,2660,7.13659285244464,0,0,10,10,"P3_YF_CTGCCATCACATCCCT","CB_CTGCCATCACATCCCT-1","CTGCCATCACATCCCT-1","Mast_cell","P3_YF",NA
"P3_YF_CTTTCGGCACCGGAAA","P3_YF",6567,2210,4.29419826404751,0,0,10,10,"P3_YF_CTTTCGGCACCGGAAA","CB_CTTTCGGCACCGGAAA-1","CTTTCGGCACCGGAAA-1","Mast_cell","P3_YF",NA
"P3_YF_GTGTCCTGTCATATGC","P3_YF",6049,1924,11.092742602083,0,0,10,10,"P3_YF_GTGTCCTGTCATATGC","CB_GTGTCCTGTCATATGC-1","GTGTCCTGTCATATGC-1","Mast_cell","P3_YF",NA
"P3_YF_TCATACTGTCGGTGAA","P3_YF",12015,3252,2.45526425301706,0,0,10,10,"P3_YF_TCATACTGTCGGTGAA","CB_TCATACTGTCGGTGAA-1","TCATACTGTCGGTGAA-1","Mast_cell","P3_YF","cluster_1"
"P3_YF_TCTGCCAGTCTGTCAA","P3_YF",8630,2637,3.10544611819235,0,0,10,10,"P3_YF_TCTGCCAGTCTGTCAA","CB_TCTGCCAGTCTGTCAA-1","TCTGCCAGTCTGTCAA-1","Mast_cell","P3_YF",NA
"P3_YF_AGAACCTGTTCCGCTT","P3_YF",14353,3652,7.28070786595137,0,0,1,1,"P3_YF_AGAACCTGTTCCGCTT","CB_AGAACCTGTTCCGCTT-1","AGAACCTGTTCCGCTT-1","NK","P3_YF",NA
"P3_YF_ATTCATCAGATGACCG","P3_YF",10125,3205,5.78765432098765,0,0,7,7,"P3_YF_ATTCATCAGATGACCG","CB_ATTCATCAGATGACCG-1","ATTCATCAGATGACCG-1","NK","P3_YF",NA
"P3_YF_CACATGACAGCATCTA","P3_YF",6426,1582,2.31870525988173,0,0,1,1,"P3_YF_CACATGACAGCATCTA","CB_CACATGACAGCATCTA-1","CACATGACAGCATCTA-1","NK","P3_YF",NA
"P3_YF_CTCCTCCCAGTCCGTG","P3_YF",16087,3349,5.19674271150619,0,0,1,1,"P3_YF_CTCCTCCCAGTCCGTG","CB_CTCCTCCCAGTCCGTG-1","CTCCTCCCAGTCCGTG-1","NK","P3_YF",NA
"P3_YF_GAATCGTCAACACTAC","P3_YF",19438,4247,4.50149192303735,0,0,1,1,"P3_YF_GAATCGTCAACACTAC","CB_GAATCGTCAACACTAC-1","GAATCGTCAACACTAC-1","NK","P3_YF",NA
"P3_YF_GACCAATTCCATTGTT","P3_YF",4962,1553,2.2571543732366,0,0,1,1,"P3_YF_GACCAATTCCATTGTT","CB_GACCAATTCCATTGTT-1","GACCAATTCCATTGTT-1","NK","P3_YF",NA
"P3_YF_GAGAAATAGTGCTACT","P3_YF",5360,2122,2.01492537313433,0,0,7,7,"P3_YF_GAGAAATAGTGCTACT","CB_GAGAAATAGTGCTACT-1","GAGAAATAGTGCTACT-1","NK","P3_YF",NA
"P3_YF_GCAACATCAATACCCA","P3_YF",9038,2386,5.84200044257579,0,0,1,1,"P3_YF_GCAACATCAATACCCA","CB_GCAACATCAATACCCA-1","GCAACATCAATACCCA-1","NK","P3_YF",NA
"P3_YF_GGGACAATCATTCTTG","P3_YF",7138,2752,4.20285794340151,0,0,7,7,"P3_YF_GGGACAATCATTCTTG","CB_GGGACAATCATTCTTG-1","GGGACAATCATTCTTG-1","NK","P3_YF",NA
"P3_YF_TTGGGTAGTAGAAACT","P3_YF",5461,1397,4.50466947445523,0,0,0,0,"P3_YF_TTGGGTAGTAGAAACT","CB_TTGGGTAGTAGAAACT-1","TTGGGTAGTAGAAACT-1","NK","P3_YF",NA
"P3_YF_AAGTTCGTCTGACGCG","P3_YF",24631,1810,0.353213430230198,0,0,15,15,"P3_YF_AAGTTCGTCTGACGCG","CB_AAGTTCGTCTGACGCG-1","AAGTTCGTCTGACGCG-1","Plasma_cell","P3_YF",NA
"P3_YF_ACCTGAAAGCTAGATA","P3_YF",47013,2307,0.431795460829983,0,0,15,15,"P3_YF_ACCTGAAAGCTAGATA","CB_ACCTGAAAGCTAGATA-1","ACCTGAAAGCTAGATA-1","Plasma_cell","P3_YF",NA
"P3_YF_ACTTATCCACACTTAG","P3_YF",42802,2794,0.780337367412738,0,0,15,15,"P3_YF_ACTTATCCACACTTAG","CB_ACTTATCCACACTTAG-1","ACTTATCCACACTTAG-1","Plasma_cell","P3_YF",NA
"P3_YF_CATCCGTTCGAGATAA","P3_YF",33057,3681,2.13570499440361,0,0,15,15,"P3_YF_CATCCGTTCGAGATAA","CB_CATCCGTTCGAGATAA-1","CATCCGTTCGAGATAA-1","Plasma_cell","P3_YF",NA
"P3_YF_CCGGGTAGTCATATGC","P3_YF",20233,1915,0.672169228488113,0,0,15,15,"P3_YF_CCGGGTAGTCATATGC","CB_CCGGGTAGTCATATGC-1","CCGGGTAGTCATATGC-1","Plasma_cell","P3_YF",NA
"P3_YF_CGCGTGAAGGTCGTAG","P3_YF",24471,2354,0.592538106329942,0,0,15,15,"P3_YF_CGCGTGAAGGTCGTAG","CB_CGCGTGAAGGTCGTAG-1","CGCGTGAAGGTCGTAG-1","Plasma_cell","P3_YF",NA
"P3_YF_CTATCCGGTCGCATTA","P3_YF",21247,2060,1.33195274627006,0,0,15,15,"P3_YF_CTATCCGGTCGCATTA","CB_CTATCCGGTCGCATTA-1","CTATCCGGTCGCATTA-1","Plasma_cell","P3_YF",NA
"P3_YF_CTCACTGCAATGGGTG","P3_YF",22148,1929,1.39515983384504,0,0,15,15,"P3_YF_CTCACTGCAATGGGTG","CB_CTCACTGCAATGGGTG-1","CTCACTGCAATGGGTG-1","Plasma_cell","P3_YF",NA
"P3_YF_CTCACTGGTAACCCTA","P3_YF",38161,3867,1.20017819239538,0,0,15,15,"P3_YF_CTCACTGGTAACCCTA","CB_CTCACTGGTAACCCTA-1","CTCACTGGTAACCCTA-1","Plasma_cell","P3_YF","cluster_1"
"P3_YF_GACACGCGTTGGCCTG","P3_YF",20775,1191,0.178098676293622,0,0,15,15,"P3_YF_GACACGCGTTGGCCTG","CB_GACACGCGTTGGCCTG-1","GACACGCGTTGGCCTG-1","Plasma_cell","P3_YF",NA
"P3_YF_GAGACTTGTTGCGGAA","P3_YF",9262,1644,0.701792269488231,0,0,15,15,"P3_YF_GAGACTTGTTGCGGAA","CB_GAGACTTGTTGCGGAA-1","GAGACTTGTTGCGGAA-1","Plasma_cell","P3_YF",NA
"P3_YF_GAGTTACAGAAGTCCG","P3_YF",31491,2253,1.17493887142358,0,0,15,15,"P3_YF_GAGTTACAGAAGTCCG","CB_GAGTTACAGAAGTCCG-1","GAGTTACAGAAGTCCG-1","Plasma_cell","P3_YF",NA
"P3_YF_GAGTTGTTCCGCTAGG","P3_YF",18632,2464,1.42228424216402,0,0,15,15,"P3_YF_GAGTTGTTCCGCTAGG","CB_GAGTTGTTCCGCTAGG-1","GAGTTGTTCCGCTAGG-1","Plasma_cell","P3_YF",NA
"P3_YF_GATAGCTTCTTCGCTG","P3_YF",33022,2217,0.430016352734541,0,0,15,15,"P3_YF_GATAGCTTCTTCGCTG","CB_GATAGCTTCTTCGCTG-1","GATAGCTTCTTCGCTG-1","Plasma_cell","P3_YF",NA
"P3_YF_GATGACTGTCTCAAGT","P3_YF",39525,2964,0.817204301075269,0,0,15,15,"P3_YF_GATGACTGTCTCAAGT","CB_GATGACTGTCTCAAGT-1","GATGACTGTCTCAAGT-1","Plasma_cell","P3_YF",NA
"P3_YF_GCGGAAACACTTGTGA","P3_YF",16139,1768,1.11531073796394,0,0,15,15,"P3_YF_GCGGAAACACTTGTGA","CB_GCGGAAACACTTGTGA-1","GCGGAAACACTTGTGA-1","Plasma_cell","P3_YF",NA
"P3_YF_GTCAAACAGCCTCAAT","P3_YF",21001,1351,0.190467120613304,0,0,15,15,"P3_YF_GTCAAACAGCCTCAAT","CB_GTCAAACAGCCTCAAT-1","GTCAAACAGCCTCAAT-1","Plasma_cell","P3_YF",NA
"P3_YF_GTCCACTGTACCATAC","P3_YF",35399,2681,0.590412158535552,0,0,15,15,"P3_YF_GTCCACTGTACCATAC","CB_GTCCACTGTACCATAC-1","GTCCACTGTACCATAC-1","Plasma_cell","P3_YF",NA
"P3_YF_TAGGAGGCACACCTTC","P3_YF",27450,2662,1.29690346083789,0,0,15,15,"P3_YF_TAGGAGGCACACCTTC","CB_TAGGAGGCACACCTTC-1","TAGGAGGCACACCTTC-1","Plasma_cell","P3_YF",NA
"P3_YF_TATTGCTAGACTCGAG","P3_YF",15667,2227,1.51273377162188,0,0,15,15,"P3_YF_TATTGCTAGACTCGAG","CB_TATTGCTAGACTCGAG-1","TATTGCTAGACTCGAG-1","Plasma_cell","P3_YF",NA
"P3_YF_TCACTATAGGATATAC","P3_YF",28480,2738,1.07794943820225,0,0,15,15,"P3_YF_TCACTATAGGATATAC","CB_TCACTATAGGATATAC-1","TCACTATAGGATATAC-1","Plasma_cell","P3_YF",NA
"P3_YF_TCATGGAGTGTCTCCT","P3_YF",20767,1467,0.881205759137092,0,0,15,15,"P3_YF_TCATGGAGTGTCTCCT","CB_TCATGGAGTGTCTCCT-1","TCATGGAGTGTCTCCT-1","Plasma_cell","P3_YF",NA
"P3_YF_TCCTCGAAGTATGATG","P3_YF",23577,2068,0.203588242778979,0,0,15,15,"P3_YF_TCCTCGAAGTATGATG","CB_TCCTCGAAGTATGATG-1","TCCTCGAAGTATGATG-1","Plasma_cell","P3_YF",NA
"P3_YF_TGCAGTACACGACAAG","P3_YF",14941,2425,2.00120473863865,0,0,15,15,"P3_YF_TGCAGTACACGACAAG","CB_TGCAGTACACGACAAG-1","TGCAGTACACGACAAG-1","Plasma_cell","P3_YF",NA
"P3_YF_TTGTTTGGTTAGCGGA","P3_YF",24215,1578,0.809415651455709,0,0,15,15,"P3_YF_TTGTTTGGTTAGCGGA","CB_TTGTTTGGTTAGCGGA-1","TTGTTTGGTTAGCGGA-1","Plasma_cell","P3_YF",NA
"P3_YF_TTTGTTGTCTCGCAGG","P3_YF",24827,3109,1.29697506746687,0,0,15,15,"P3_YF_TTTGTTGTCTCGCAGG","CB_TTTGTTGTCTCGCAGG-1","TTTGTTGTCTCGCAGG-1","Plasma_cell","P3_YF",NA
"P3_YF_AACAAGATCCTACCGT","P3_YF",12055,3602,6.6860223973455,0,0,5,5,"P3_YF_AACAAGATCCTACCGT","CB_AACAAGATCCTACCGT-1","AACAAGATCCTACCGT-1","T_cell","P3_YF",NA
"P3_YF_AATTCCTGTCATCACA","P3_YF",4384,1661,2.85127737226277,0,0,5,5,"P3_YF_AATTCCTGTCATCACA","CB_AATTCCTGTCATCACA-1","AATTCCTGTCATCACA-1","T_cell","P3_YF",NA
"P3_YF_ACGTACATCAGTGGGA","P3_YF",3470,1335,1.72910662824208,0,0,5,5,"P3_YF_ACGTACATCAGTGGGA","CB_ACGTACATCAGTGGGA-1","ACGTACATCAGTGGGA-1","T_cell","P3_YF",NA
"P3_YF_ACTCCCATCTGTGCTC","P3_YF",6601,2218,5.43856991364945,0,0,5,5,"P3_YF_ACTCCCATCTGTGCTC","CB_ACTCCCATCTGTGCTC-1","ACTCCCATCTGTGCTC-1","T_cell","P3_YF",NA
"P3_YF_AGGTTACAGGTAAGTT","P3_YF",3143,1232,4.58160992682151,0,0,5,5,"P3_YF_AGGTTACAGGTAAGTT","CB_AGGTTACAGGTAAGTT-1","AGGTTACAGGTAAGTT-1","T_cell","P3_YF",NA
"P3_YF_CACCAAAAGTGCCAGA","P3_YF",10126,3093,3.32806636381592,0,0,5,5,"P3_YF_CACCAAAAGTGCCAGA","CB_CACCAAAAGTGCCAGA-1","CACCAAAAGTGCCAGA-1","T_cell","P3_YF",NA
"P3_YF_CAGCACGTCCGGACGT","P3_YF",5914,2270,1.94453838349679,0,0,5,5,"P3_YF_CAGCACGTCCGGACGT","CB_CAGCACGTCCGGACGT-1","CAGCACGTCCGGACGT-1","T_cell","P3_YF",NA
"P3_YF_CCTCCTCAGACCAAGC","P3_YF",4488,1927,2.65151515151515,0,0,5,5,"P3_YF_CCTCCTCAGACCAAGC","CB_CCTCCTCAGACCAAGC-1","CCTCCTCAGACCAAGC-1","T_cell","P3_YF",NA
"P3_YF_TGATTCTCAGTAGTGG","P3_YF",5614,1936,5.3972212326327,0,0,5,5,"P3_YF_TGATTCTCAGTAGTGG","CB_TGATTCTCAGTAGTGG-1","TGATTCTCAGTAGTGG-1","T_cell","P3_YF",NA
"P3_YF_TGCTCCAGTAAGGCTG","P3_YF",10743,3107,4.17015731173788,0,0,5,5,"P3_YF_TGCTCCAGTAAGGCTG","CB_TGCTCCAGTAAGGCTG-1","TGCTCCAGTAAGGCTG-1","T_cell","P3_YF",NA
